ID,protein_1,protein_2,protein_3,protein_4,protein_5,protein_6,protein_7,protein_8,protein_9,protein_10
0,-1.0064167300859852,0.8821247041548859,,-2.5879336096802854,1.7158789097553417,1.7206917282273775,-0.4657693089449349,1.1352134140159826,0.7503214915738167,0.6275823420510648
1,0.7727354056046053,-0.9613014479594123,1.6397472356690959,-2.108845867685508,0.199882833587619,0.5681397693894349,1.3215284492920134,-0.006900666172217313,-2.4737871578714223,-0.6468083920795913
2,-1.05257668164516,-0.10495955912233591,1.5502130213636547,-2.5766055349819212,2.083175481096875,2.015090474175775,0.09301906696282104,0.9594347099593865,-0.26359118336465187,0.535905855033335
3,-1.5288304023752262,2.176346292554527,-0.21496942678321443,-2.0217677018854405,-2.962145408621563,-3.2951774193121413,2.1164198166703234,-1.4675496463430733,0.5791205979861743,-1.4347599669058355
4,-1.4078234877488291,-1.028771809953352,0.8107226064195625,4.0526275872920685,-1.7008132705281136,1.3999620956357832,2.2565537502425927,-0.8184556209772262,-1.5294804522383987,0.7549088144392704
5,-1.2968439523127577,-0.1965134591827535,0.7447720688239478,2.0314461858287607,2.6386388303578148,-1.8031367547576556,-0.7835451339295592,-1.4342609919636085,1.0428192284439148,0.277628744758619
6,-1.066043713909777,-0.29578730407130227,-0.039612753991245864,2.486800962635136,3.054412811106179,-0.4313347726756798,-1.23021441388092,-1.2508415548869587,,-0.8384510988123691
7,-0.32806041175278094,-0.43719490385831106,2.042813539098963,-3.114396403050094,0.9518168544809559,1.7807507532416773,0.16918593982727917,,-0.45351645391515705,-0.879185275812719
8,2.307444747957441,1.9076194087028597,1.195194652944789,6.802303065051058,-0.017528515807304086,-1.9715433604183514,1.3175792011717373,0.6434781613071938,-2.035482339933914,0.42446134147382897
9,-1.5072786198025077,,-0.5299832227811214,1.2465119126001578,-2.699692342206181,5.128394148500972,0.7377020191365957,-0.7554569714452357,-0.5861847388311088,0.9635540685595704
10,-0.5388043475572931,,-0.15410824572475948,5.354000083253754,-1.5842640465970934,-1.134225667548537,-0.13204294519649415,1.4348080919533366,-1.6932571121394329,0.6696317756883793
11,2.0431036202643935,-1.3607902225492459,0.12673209939480076,-4.841257021563464,-1.0864672844912806,-3.3256403315319134,0.3424770972230484,-1.8813398478362768,0.20222656351755086,0.5402718531787701
12,-0.49561952132076686,-1.0077861575441347,2.4280911717339895,-2.5220368932263324,-0.5876215262870802,-1.3124199751249492,-1.141032239136219,-0.3465633091767362,2.1527102727774867,-0.6785448532086181
13,1.5331934636335867,-0.7628857260880861,-0.979570942080374,-3.4504070290533737,2.688648017600401,3.2708143251302273,0.2737391926955378,0.3127464951326914,-2.8875005399271707,0.874553345356898
14,-1.8322064561556686,-0.5897564474465239,0.8603450970315073,1.8796696238593817,2.0922380394656637,-1.5178153902407443,1.3520310934495818,-1.9644181271516674,0.9960437617257918,-0.7068225597474053
15,-0.8862420308008727,0.02752306470656334,-0.09037125195267404,2.238015393918373,4.445764273844963,-1.3835227430965067,-0.37855851394839146,-0.6106728867018747,0.6108861265785839,-0.4857620519590016
16,-0.3185374338216231,0.3332827367850127,0.07925396225412187,-2.9950143429844083,0.9648480672897678,0.3103552785475775,-2.1572797447046708,1.7459702448366388,1.0935103387527627,-0.49185437616111793
17,0.4828888600876901,0.03592686026813625,0.03451311655322549,2.2104452215958017,6.1077075482713585,-1.139251728182384,-0.3505665506284515,-0.26844838137250493,0.5300227682087725,0.4506691563324583
18,0.19378496142815696,0.05499236674416153,-0.7355195144389675,4.751166610377566,-1.4929456073428482,-2.2741386554170133,-1.1582062566718994,1.81524351474096,-2.572542005626459,
19,-1.519262580911389,-0.910052746592424,0.6010916116203454,1.3608377656492983,-3.0282224734653282,3.8124323040578827,1.1267562160387055,-0.4332206830325676,-15.65227336950218,0.5750199394318327
20,1.086210937010067,-1.3435228873712048,0.5194753511951462,-3.9118184835556864,-1.2949795517387108,-1.9234498247462757,-0.8158359151396926,-0.1197277395213649,0.5186301950950795,-1.1878277372321602
21,0.404932682472172,-1.252823881156165,0.6548680690384622,-4.0749169282167665,0.21501657484268905,-0.6297305551056346,-1.043591858598667,-0.027933109376743204,1.629902211422526,-1.1627310180229744
22,0.6015332047991341,0.8330548667652857,0.734957018348278,4.510692540424061,-2.097784952387006,-2.1142628150192655,-0.5104137954909914,0.5372745667733542,-1.757360155561365,-0.3177712995130281
23,0.14946970657246328,0.6121563795938517,0.2990219839949527,-3.6779836112462574,-1.2918625257418153,-2.812374425829053,-0.7832473725449783,-0.182323774123988,0.623085340032431,0.41007623189803805
24,-0.3348303272205511,-1.325467759908534,0.5959487110061835,4.270587988506658,-2.7977040469313894,-1.366193985627705,0.15699368807290823,0.8585594642709095,-1.4899850010867823,0.30534659268528747
25,-1.055743468416029,-0.5075685812325339,0.23260418277970502,2.161096299527672,3.9324630520525807,-2.137381077621823,-0.36584184437321254,-0.8723970797250158,0.7554459600936267,-0.36347598667315667
26,-0.11510263334588279,-0.4623573300859531,0.5129587016828872,,0.9822660706691395,3.0048999798155567,-0.664186568319589,1.6123860399027492,-0.45923622487679955,-1.4946220915960768
27,-2.0612914479547366,0.3186745020466809,1.1219389137973657,0.6971469879638995,4.017917070197682,-1.9375997165502192,0.36664192624625525,-1.087315018640006,1.199304787958746,0.4297193061822471
28,-0.1196734404318145,-0.7431695427751182,1.309452462403429,-0.9005747134829543,-4.8368732789389055,-1.6764410771329215,-0.34415072298020033,-0.27634453249055935,0.5962076337724307,-1.5255323322343466
29,-1.1325846258089465,-1.4693856790553703,-2.013702537171583,0.4481513342670887,-2.4295293842321004,0.537720042546219,-0.30409013584624683,-0.3786264205027504,3.065984309270517,-0.215674930754297
30,1.1165127155808054,0.1744412007092411,-3.935922619144084,2.035833448833302,-2.1443488999716287,4.549383159001962,-0.4753164084948082,-1.6238964652345054,2.309301912681202,0.6790004970330816
31,-0.8488396650745711,-1.0421556690920655,0.7159577033200291,1.3462112695999968,-4.331929068454915,2.507360319120443,-0.666174930859289,0.1940418356414205,0.36231686986178063,0.5059534053253222
32,2.2583271350016387,0.9110046475590736,-2.1815209077271915,-1.0283660176315703,2.875049732819165,4.785300932448443,-1.8052065714322307,0.9838425608926602,-2.0533710051847285,-0.206679586619955
33,0.2225896834634315,-0.1869511331068934,0.06670532506212286,3.5742048148176258,3.681907538471408,-1.7479520317533161,-0.2752993130595267,-1.087780484560084,-0.018304841122893108,-0.8896679873565234
34,-1.7006323445244025,-0.26927160119411797,0.6730762802997442,1.6688767170197112,,2.3441875916969264,0.04506478552619902,-0.4948130725480604,0.4764155724083908,1.1154945128099667
35,-0.9194632137665661,-1.3116433595125279,-0.1335408352681932,6.12506748065643,-0.5560380543027004,0.5295770764785924,2.395723767558975,-1.1060814352162893,-0.8946764977823378,1.3741880316782416
36,-1.55879420574938,2.8349476484133245,-1.368485545999216,-2.6361121533398246,-1.1744992972749964,-1.640722541478845,0.29595790327793986,,-0.5089917005215012,-0.5241087843180267
37,-3.2393951910796863,2.8964060957882847,0.3692880470849066,-2.4502389246547907,-3.8160944482680135,0.46271153718192265,,-0.00036959120142827093,-0.04732905294415884,-1.08586763900261
38,-1.283428626949012,-1.2622549201394757,0.49605716839341313,-0.09057766674729667,2.473904050470318,0.6562567720919301,0.8856900760155557,0.9052255809675712,0.21165018410791586,-1.3721745323290748
39,1.3202629133594064,-0.7531299726723225,,,4.081858819368056,-0.4960763622988267,0.3004136948345345,-0.7395302536141171,0.04157561679586105,-0.9505982495146234
40,-0.3639831688104463,-0.09557184123794935,-0.5246257869376961,2.710772008985544,4.069704708276536,-1.1673786139043463,-0.7094217883086702,-0.5476469957194386,1.0597916120798154,-0.585557268982534
41,15.321832526050384,11.720524491742344,9.636718928881171,8.205482198601578,-0.5535828081009694,3.306928073493326,7.779477808743549,0.8719123146811499,4.537772449416816,-1.89606542922515
42,1.9765668792468774,-0.7225955449157331,-2.3302657391517005,-2.6902250469457107,0.7250004357212746,2.7867565388452022,-0.8867964190665265,0.2714167744713257,-2.2775297966562413,0.017869693435105628
43,-1.166900891655234,-0.6704130113624546,-0.1487268534834735,3.7801683163906423,-2.3004367419201266,1.8606585182222177,0.5913093507263502,-0.25306679935459325,-0.8648966944887122,0.9055102368009785
44,-0.20687192407022223,-0.4542228508988211,-0.14188145369507674,4.256391542874281,-1.9650467418451736,-2.3548563428740126,-0.4292783008343579,1.5193173488701353,-2.048576877347258,0.7412611340466889
45,0.11739735812846891,1.48978226254141,,3.4935916127222204,0.3122276165074941,-2.149617218526984,-2.596874177754079,2.0499116954001835,-2.2131712951731695,0.9386193082093461
46,-1.1848552733000952,-0.13161045641620703,0.4639463050588677,1.9679934926344198,4.392508572166064,-2.095065024838664,-0.06660246550322722,-0.5885791085956203,0.9330701241838792,0.20518956488592022
47,-2.274812707653052,3.1805258492201705,-1.3564387853464375,-1.263690315377624,-1.656034510722804,-0.5404716084780166,-0.1668421728309195,1.1516359029772405,0.6888182936850656,-0.6029420608412595
48,0.9708145606666145,-0.6494511221765693,-0.4483287270689771,-4.1819434699748,-0.8038757631813244,-4.185834134050843,1.2397742601852866,-1.7601920046471096,1.0716304677319834,1.4634383532965334
49,-0.869231574757805,-0.771213851270671,-0.1695546001129615,3.8845553917956535,1.9416208510771424,-1.6465569217218363,-0.1203657413374727,-1.4377105247765045,0.6048112259347059,
50,-0.6984058269101914,-2.4870850127473263,1.7723250285398848,3.4959845374712715,-4.075224204762779,0.6952908111618038,0.8825282964312042,0.27483403363919257,-0.9378440890894563,0.645916055618947
51,-0.9191596759545222,-1.6136156209461385,-0.9197928677352893,1.6442346864835877,-2.9241535123345437,5.559333978453704,0.6249637269270981,-1.2703283984887095,0.22776850639650134,0.8768563258688643
52,-0.6675708376686346,-0.2607468677299315,1.3577179138789774,-2.9472835490980738,1.097075781729528,2.251112939757714,0.0017170889996139147,1.356038142420567,0.12341272123925308,-1.1820865604872695
53,-2.790795412387701,,-0.13931556078309926,-3.1236391555682945,-1.9740698962532037,-1.7375485507601056,0.725000489828079,0.9227980123125497,0.5751755240961322,0.6285351157482205
54,-3.728428697665593,5.2342396782013045,-1.2452483681391278,-3.679076223410278,-4.602955149884816,-1.7964768802535955,4.646532439848237,-0.6587821783218796,-0.3531802506429236,-1.6392770776217465
55,-1.2252935869858002,-0.5652008756764528,1.0991013774079705,3.8231610512924092,-2.4036851888900994,1.0021512892584334,1.621048623468873,-0.5329227259336531,-1.3157312831690493,0.6553813037171906
56,,1.0962852786671184,0.10221634765360711,5.097957436119251,-0.7432795751625861,-3.197382948020433,-0.7231241724888826,0.321067762564488,-2.031239940955127,0.23550114395846425
57,1.0455478701618897,-0.6323254324717718,-0.6282023056270208,3.4346972409759946,2.9301996219242294,0.43496146751687725,-0.2188028468462476,-1.8433427735492698,,-1.4262103341834205
58,-0.9372716056242889,-0.6783963817789155,0.9515383242401182,1.830388307626802,,-2.0912802234176313,-0.22132918053359307,-1.009445711526026,1.2242813339215857,-0.9216212283982594
59,-0.6832608747368252,0.45748422154318724,0.8188795019518675,1.045385973984568,,-1.0466364155772854,-0.30357686106532583,-0.303196520763681,0.9117087069858735,-0.31274432561350357
60,0.11055748042361417,-0.18250423719644918,0.38782910614208843,-3.6291224649680016,0.4178383379421836,-1.031470579956272,-1.1811989115342927,0.5208155241818804,1.1066914823759273,1.0191035744238035
61,3.2211865841046317,3.046170666453912,1.196738841766302,5.44026865457613,-0.9041633909436294,0.11173739998109788,1.4463706553098479,-0.10106611582239267,-132.26530144319307,-0.18950414350657313
62,-0.8925188232271917,-0.3453417299645746,0.298032162645177,1.2093801159094595,4.4525960933976485,-2.4225691485352465,-0.2884945235007926,-0.44502599086984873,1.1565116392204027,0.08341588530823651
63,0.7043083172950719,0.42421318179824474,1.5180845481192682,-3.178522626702582,1.2419797786853177,1.8325267662243918,0.24509017611156408,1.1121858810805128,0.9562045346644878,0.6973541221003531
64,0.19726798972957638,0.8100531862227154,0.17138399693360346,6.078047760676683,-0.7713571104005538,-0.3994496436769738,0.15566968282661106,-0.08110100359778555,-1.6792618847796665,1.2735351999961397
65,-1.7926607033514137,1.1298002374209788,0.6177822079636371,-0.8404963857148908,0.5641703466730472,0.8674694191760856,-1.0376999008762668,0.7404751546060151,1.4190930623044882,1.2809410760231208
66,0.7800748386767645,-0.7897300291154958,-1.9136832880499979,5.120367569099377,0.008357666113798422,-1.3403640591405326,1.6395964922327997,-0.0559284285696813,-0.3314815349175828,-0.34395326733699383
67,-0.25860866416457073,-0.6520568280440966,1.4334176605008861,-3.00888727489586,1.6475727118633032,2.5864745459380467,-0.2077321879945474,1.3040386485408175,-0.7665212072455879,-0.0837416784796034
68,-2.8493350079506765,5.14862479371221,,-2.5368478627655695,-3.7862909666002196,-3.211742674241479,3.285903004170952,-92.91740838743901,-0.5357102442419421,-0.9365564790931538
69,0.8727910668564098,-1.8635168701025215,1.3832233292251321,0.04451170911253323,-2.633226301622149,-3.2522745233423587,-1.7820877081156394,-0.49665808837896297,1.0371300759918185,-1.4188343615765593
70,-0.9672427579571079,-1.5673628292689699,0.4013477454567177,3.5117119075827135,-2.8437338081815278,1.3712332357232853,1.82981190370811,0.5190326312915557,-1.6586819072150125,0.6888336737650189
71,0.40599173724908827,1.1044505075329447,-0.9038863659850597,-4.405945396902831,-1.038500172524093,-150.31010184659016,-0.16627170969303803,-0.6600448521181531,-0.30353472133940035,1.1970166619348441
72,-0.1948956435298451,-0.2591898851022271,-0.3381950968936211,2.2944719092110524,2.44285721046009,-0.916217199306444,0.07902722073916098,-0.9890126573112787,-0.0673309638016318,-1.2842538615094876
73,0.36172779408043354,-1.5321604173125807,0.4125536429444249,-1.1720384336463858,1.4411111786008681,-0.5691534680640495,1.0927946780093871,0.6826648874603383,-0.6135716389822747,-0.3242161712758088
74,1.3972829537124385,1.9114108270436092,1.2068704524676197,4.957276263163472,-1.3137000991287955,-0.18468761671007777,0.2569683214937402,0.15922103036422544,-1.9038800922903127,-0.0179566901606911
75,-0.6470765790453886,-0.4227155477330643,0.04944683569789769,1.3008259824697685,5.127967879467045,-1.198598828829411,0.19111733550745671,-0.026129748030665288,0.3799109374943594,-0.06385159540198622
76,0.6672091643304503,-1.3741896865837508,1.8182946992709668,-3.2619921930893465,1.1723439111326939,1.8978752305131066,0.6087010675570101,0.8368612544052266,-1.6259002847959956,-0.9071188262422378
77,-1.8833308418041952,0.7973349579504808,0.932046245021536,-2.9649544853055585,1.488275493958266,1.6052473887298002,0.3796746944508067,2.1155986645336657,,0.05833282239910964
78,-0.9784504977633062,-0.041793576102670295,1.6214426204907328,-2.4204491069291127,3.019092668463125,2.8743474467209613,-0.09818488870322226,1.86670463278361,-0.3693499035132501,0.09513453795980144
79,-0.6505643114305181,0.46603831271869833,-0.6580122026837466,,-3.1807833245157453,5.066721825890491,-0.19585059119354795,-2.278141401514576,1.2775330201527533,0.5704933162654651
80,0.17639769567375918,0.52149916453852,-0.5994294087687084,4.658374545276379,-1.1458505684703124,-2.200222125240775,-1.5921693506609143,1.3099478396009039,-1.378792406978613,0.12369561650872528
81,-0.09837270695044607,-0.299786352528961,-0.4247556531747946,1.6537947399694464,2.887859259660603,-1.4811519705465213,-0.5660473682569369,-1.0142582173243788,0.3501735807755211,-1.0563072224393575
82,-3.1148534574420825,5.058083768208349,-1.092815358340959,-4.006666842313724,-1.325167303421436,-1.69534165411085,0.8242369970338512,0.9980846344329458,0.4643543921063169,0.593553183539432
83,-2.025342344547169,,1.2290754778327464,1.2808521403251654,2.2678411205431033,-1.0741832764956127,1.0102768247335119,-0.9241739553231083,1.1575025528219152,0.19118467519502924
84,3.575665117809415,4.408627116415684,1.8170306006227475,4.630349957220038,-0.6105593040801269,0.008959041357086927,0.4296169967215623,0.24865133531784342,-1.9127943929179623,-0.16723194949025252
85,0.8058288343829658,-0.8457873020248399,-1.9764022733410036,5.7564297864549205,,-2.193673096321349,1.5887882779090465,0.3708990723241364,-0.5517553767995657,0.41675796355669825
86,0.2375887307032707,0.37615937058353416,-1.301488077287387,3.267548429656911,3.3244498349403386,0.4525391379915669,-0.6128479328448947,-0.8353383338857198,0.9729889860565505,-0.46222623810544133
87,0.6921559526368976,,0.18688280351493677,-3.4487452038365447,1.461556168902172,2.9237479179843437,0.06384072692158922,1.7425866364752984,,-0.3267653806660498
88,0.7158187411384963,-2.185653662481008,-2.2161823893391763,7.0566766888298895,-0.697913526062075,-0.11280708110494357,5.371802598258376,3.1393401062961077,0.4348529070293058,2.4732653792991486
89,1.9056215011549393,1.2211600690431603,-1.6205520837180922,3.450383405008197,0.09535949408809691,-1.7197964404429464,-3.5289352260910962,1.5230530558847417,-1.6068467074189234,0.3239673898103593
90,0.034014768007664016,-0.7917287204714364,,2.925157568160924,-3.127286580477179,-1.5955189246144503,-0.6919965358367457,1.516452480772004,-2.0391143033961896,0.19800268058043485
91,0.01679502238371459,-1.025539569550921,1.6935895405159072,,-0.45511564731426923,-1.4328671383048135,-0.8674291821124746,0.11985313162049029,,-0.9007338888052584
92,-62.755315940437065,-1.846863210194262,1.210340760672615,4.119291922801726,-3.221484209337236,1.0931973568420812,0.4900406921693945,0.5042275473859933,-1.168300947479551,1.3420350615582508
93,-0.3853770687258146,-0.6572232957521866,0.21022294877871922,6.009053973773389,-0.38696241784052265,0.38985489250798266,2.686754553830821,-1.0463770575210167,-1.4079314907586327,0.8686857451207902
94,-0.3474454085189998,-2.6158031177384173,-0.2917155649582066,2.0604976716435384,-3.4896143642043835,0.1927699812587739,1.6264319915262273,0.3477394128689143,-0.4200600262721044,-0.22267453906263848
95,-1.1209274325997234,-1.3406604706498015,0.988053032983062,4.827924276188983,-0.9068847908253664,0.3377370683929978,2.3059840941085157,0.11771532213774837,-2.1409245734554303,1.4055536371022808
96,-0.7346482816024203,-0.1835846474655085,0.1991980224792029,2.961298309543595,0.030296356839860126,6.231156437273324,1.4263545067244148,-1.875587105397826,-0.13507700906506961,0.691204769788407
97,1.507969004662406,0.9888200623385566,-0.8963530086086986,1.9507468927214044,4.220599764250367,-0.820811446006107,-1.5546196672489954,-0.6397289218657729,-0.15601575280124788,0.10084318131958915
98,-0.5503093956438831,-0.6657432745750824,2.172860421395108,-2.365367524477627,0.15507222264768394,64.34013465767258,0.42971158292685785,,-0.29501428918492056,-0.893485146846447
99,-0.8617029582669337,-0.29096695587703797,0.40762562536040015,2.155599108835543,3.356208662598634,-1.5727713748459742,0.35485756432840593,-1.6651443302320086,0.7673251579898065,-1.2708620464885307
100,-1.4106603606777601,1.1876839600614648,1.496637786713597,-2.2629938874201603,0.5714884421770599,0.10712601539565847,-0.5789385818028542,0.7648385665896964,0.8033351557307721,1.2038105536932493
101,0.5489085768116848,-1.106022849264971,1.8610452680019252,-3.901878213601711,0.9525967879401189,2.0501442628520947,1.1768969280205566,0.6831319676293475,-1.9753310537350688,-0.66725055467603
102,-0.5077078510706396,-0.26600743502709073,0.38667046237938785,,3.0272881011049932,-1.0863591391215868,-0.02209849079722425,-1.4602775944322588,0.4976650251795693,-1.0813145768844168
103,-0.4685600255270547,,2.411420069503817,-2.343823044129996,1.3717114089333555,-0.08263743929685403,1.8077634559761044,0.5224791740649032,-0.4850900539393466,-0.5743743555593188
104,0.02656731835522131,1.0502668926067076,1.332365896864325,3.16085229896625,-2.5279145142317825,-1.4017477907721143,-2.364302717777676,0.5551324514710669,-0.2359170078805136,0.6662986198043637
105,-2.07058008289502,0.2946985848732763,1.1750832787131906,0.6908301174492717,-2.6049327554266073,2.5703336823475174,0.12597952695955797,-0.7085095956958499,1.054752129798016,0.6009909210668276
106,-1.0718694798126691,-2.5445778834709176,-0.6590593050141217,4.00688521844747,0.06216507023737632,-0.020843224058163575,3.04729013055975,-1.6585747268733073,0.7209046860409534,0.16664808307274792
107,0.7245276861565265,0.3366033677640459,-0.7994020079187224,2.4949918820460515,4.364844174645897,-0.8687753100562617,-0.5793964184323545,-0.5600297431524301,-0.029740516880267392,-0.6147216959794224
108,-0.1886762334589401,0.27214356216301455,0.1195724440222227,1.6652475857660118,3.466894523830491,-1.0877115138975495,-0.6972044395439767,-1.1344076423171547,0.8986184018961524,-0.8014686607613161
109,-1.071175175936752,-0.9400108744196858,-1.6970125008037746,1.025997972191808,-2.2400671575371485,5.075633743895634,0.17811257170754696,-0.2604500343518856,-0.48801419780250826,1.2365463824584049
110,2.7292246733820935,2.9260277092092952,-0.31473827351747075,4.351355115706946,-0.981221041039439,-1.8495044674782302,-2.692010946617933,0.6462050554493828,-1.623726741399456,-0.15775512213281545
111,-2.4849941971782084,3.5051787151701643,-0.9432530991401901,-2.61695602021929,-3.7944816272404465,-2.875051942514699,3.375162112075518,-1.6549102456056421,0.19567033253769786,-1.2286104578263517
112,-0.38717982987119054,-1.2696265477156508,-1.2018301818600872,5.112706054875854,-0.7978440867834555,-0.00980928500174989,1.4227770735985386,-0.28150966852743947,-0.19928956336482193,0.5375718317214129
113,1.1131967268410798,0.12001553472244947,-0.30870700756787905,2.4080029884137804,3.255166942132789,-1.1284013364895216,-0.6913432915895471,-0.7476796234252987,0.6597267523453424,
114,-0.61383881599836,-0.15971921167429978,2.1218472068001493,-2.495799428865504,0.6617098804791393,1.4305616953319908,-0.43317310716077706,1.2848579722232698,-0.29949257098379617,-0.15876701944258387
115,0.34219517687183243,-0.7395510701432403,-0.2655582070390645,-2.3418051561678848,0.4838965929486143,0.49541286179876065,-2.6056689538026165,1.4077012169568235,0.9610894661112801,-1.4728725459234198
116,0.4068759313520955,0.4951894472980115,-1.25860211040827,3.1687397024763353,,6.18717232697089,-0.31709466390626706,-3.101269689252929,0.9809208940437395,0.6697376641868297
117,-0.9304445358575317,0.04668639878406456,0.3424169137848717,1.7480048491906304,,-1.1952254498205224,-0.2647361384342752,-0.47574646674838433,0.2339940522791567,-0.4592649638043
118,-2.0399766410010387,-0.43331830596081133,0.17230046256082088,0.5426852626519959,-3.355334531039699,4.330663597452635,1.0922287759451295,-0.856966916869404,0.5502518803627805,0.8429614127892534
119,2.5481387159431383,-2.46549687551965,-1.2424593710112586,,-0.3485717438298074,-2.014520976624633,0.8158164518633653,-1.531088649005951,0.16996318444170827,0.8109449203230893
120,-1.239596989195256,-0.980874598404038,-0.05580695995276885,3.5281091643151368,-1.5433735434602265,2.742198823331876,1.3017272545062906,-0.9091628170552556,-1.1028293143859944,0.9222373347100572
121,-1.32405102255113,0.6581922239421616,1.3009966774322503,-0.8414091645290308,3.3923812664976976,-1.9088341140666785,0.7694924185897534,-1.0038960088581501,0.5929967467331235,2.573249696641259
122,-1.3194900000655196,-0.6484857192812068,0.7541355421877981,2.250554309108771,2.702551517160687,-1.5656601781126402,-0.20954261297926638,,1.2239380344617599,-0.7367882527151185
123,0.7200641858877541,0.1461437772688372,-0.3757032500865899,3.1074776903588885,2.993207216297791,-0.9748131201168386,-0.4512742137602697,-1.3048601436353038,0.7918445496604938,-0.8125702596400352
124,-0.22729963384711996,0.3811824581535241,0.9949935729463157,0.16764886287183725,5.470134865749985,-0.938549271216605,-0.13562134336265144,0.11452323372741494,-0.37007497993766464,0.6779820208963163
125,-0.022589543604626967,-0.3934741836982196,1.8380818261809881,-3.9249435661940235,-1.0434251625845823,-1.8590070764204862,-1.2495867001120873,0.02953504571164235,1.7341993386865007,-0.23088726580472493
126,-0.5028201790561492,-1.8671465280800528,,4.842717689766134,-0.6566630262358567,-2.922635351418121,1.6233476811722822,0.09453923609958305,-0.6237529770528544,-0.09507693986397224
127,2.1354128262926046,-0.3578565851673431,-1.2867802104143524,-3.2946324301998784,,4.118646577129419,-0.040111030125284934,-0.9822074154459505,-0.9543691130125634,0.04349777591225776
128,-0.29066969040125745,-0.5950364117840159,-0.481844194950646,2.103994636153111,4.724611192441809,-2.337498283675791,-0.09503961803248936,-0.5447504383664932,0.7431845693790641,0.002317442748737549
129,-0.5587956787321667,-0.5503684792525627,2.139883569336487,-2.501477406995159,0.7580417098027159,0.021086479524267208,1.6607891431458055,0.1899479450104361,-0.4386186677031972,-1.1609055408452507
130,0.4307546717602823,0.2624025325657793,-2.5508786813148023,2.0627304000305435,-1.7947200835679396,2.955783808177322,-1.1326456585226004,-0.7110615308833713,1.7067363467932546,0.45950795732110494
131,-0.8003683912707688,-0.31115721046552386,-0.8791691213407065,3.4685068007829707,2.836826607401912,-0.40800099980601573,-0.11070069845109863,-0.7578278747411687,0.6543644569579017,-1.1971620709958797
132,-0.3137097808811453,0.31117362616805205,-0.73010173963373,-1.5077817258093085,,0.20456700808418468,-2.409141759951189,1.9262058725878761,0.6538935627050926,-1.2532712597606301
133,-0.4552302909041271,-2.182138800274383,0.13404516755913468,-0.07998544733025884,-4.6968890806791315,1.527671974484515,-0.8219816575567138,-0.253214910079074,1.6852680629783159,-0.6477074911031225
134,1.6787930105964644,-2.683476713894873,,-3.976143261589595,0.3839718222384286,-2.499020342801551,1.654662025919675,-1.3304479871656223,0.6763361781836021,-0.5116608722192816
135,-0.5146374853024163,0.5723829704572446,0.45410149216180107,4.463988917827762,-1.638757997111755,-0.9810741706614884,-0.39013971221544,0.3082374453631133,-1.3961626799460873,0.44355993735502164
136,0.5002090130034116,0.11427067287724746,0.831772921186454,5.689079856327076,-0.493089099955679,2.3347066517098485,2.411851859070424,-1.4088878730723755,-80.90002579667339,0.5580707616545827
137,0.6909698879640801,2.0649999635524376,-0.15182446496164517,4.810662005405152,-0.6742691852015411,,-0.864463828767104,0.7541322990059423,-2.3059703721953433,0.8489217996078249
138,2.769582666178411,0.1690334161566209,2.0506427120139037,5.21558057092353,-1.596496453179666,1.9666308421532914,4.101505969329145,-0.6710646414726424,-1.5795846762705812,0.13330212730754215
139,-1.2998455076135471,-0.3775672921845419,-0.599774843783806,3.8963651817443976,0.6405998898518935,0.30354453353037264,-0.359965224648563,-0.9683406289621302,,
140,1.7369790794534388,-0.07089484532108613,-0.10228470707069626,-3.9293221878728875,-0.6869466088865934,-4.608265183614089,0.5850101509083825,-3.1930352809608467,-0.5355179391518062,0.6702439485849838
141,-0.6310880689654501,1.5208387916239967,,-3.328464433922444,-2.414527508338203,-2.2334707736802537,0.15625216433374353,-0.04799677876543392,0.07369864926218218,-0.6487899508114757
142,1.1136958044130247,0.2450718778889863,0.352145675785727,5.283993057038439,-1.299383055002371,2.67426889674988,1.8043315778433326,-1.1063468312285036,-1.6926063163357026,0.2183124412057588
143,-1.0183818275857546,-2.317992280672785,-0.7541348175996144,5.200055231838537,0.10408534732929361,-1.3571327816687822,2.504197455242956,0.2552338031068286,-0.8689129338950307,1.3960191561223114
144,0.08753093406530056,-2.4878682761013335,0.7701845102647533,-0.15824730030814615,-4.0543879251069335,-0.5440748778566161,-1.108053204437653,-0.17714991334224572,1.9128577782178076,-2.1556027830179416
145,-1.5126139805493382,-0.6604461445104884,0.0523854542498466,2.791058028927497,1.3966390657845176,-0.5389043139146876,-0.30278394970677214,-1.141124775242361,1.2626902348528195,-0.8986383330309662
146,1.3784597251582407,1.1684684362197502,-1.6926219907751385,-1.6147796447100373,2.877211300319888,4.258936457168238,-0.7756174549351482,0.26483644879906826,1.0803353126653787,-0.29520264937029594
147,-0.17447823359240092,0.9744551836399424,-1.4387681008834683,2.7273003953626307,-2.0446215305448843,7.240334602691028,-0.23786902294155093,-2.9711315947480723,0.45559732706891093,1.4411865141058464
148,-0.47504612096591775,,2.0855016815209297,3.442371893388765,-3.6194199036354338,-0.01889733412254804,-0.006849844451483366,0.3432649344064446,-0.8710161917929293,0.09963079098027332
149,0.7786738775964211,-0.45583811374251315,,2.7852685708287854,-1.0093395708246211,-2.5422059421819045,-2.0491736213140412,1.8360524304904753,-1.4526311371847294,-0.27232195783279844
150,-1.6520815414401315,-0.09824387427141296,-0.18995318372569667,1.1068784989025504,-2.888362598703679,5.35122577341428,0.03521589079886887,-1.0110562917824104,0.894775762334525,1.1656165855272602
151,4.329839014500408,-1.7586252529023945,-2.6022796138627653,-3.706239959352977,-1.5665738142875174,2.1933891404171573,-2.370114756668161,-1.3793043685656914,-1.4655448832647997,0.7931860618510255
152,-0.33691520640599176,0.0767365243628923,0.18394558275275408,5.201354449720803,-1.545829331276129,-1.0514086306339123,-0.13374813466140337,0.21191767669600922,-1.342561711994374,0.7146036835722388
153,-0.2539576880313251,-0.2804242437969837,-0.19021057105323105,,4.433605158751889,-1.3581332205631789,0.6233591881860414,-0.07941998388638523,0.21264521476234996,-0.3834517593071783
154,6.932650022645613,6.13483940816717,2.4864290013279637,6.01870035932046,-1.777781125536583,0.12310302163668502,0.9090513387941437,0.11134952767691592,-1.2192740215288211,-0.9156937926625224
155,-0.24773603499881777,0.11219960350517966,0.35710796838517134,1.3256255386628386,4.756859219360559,-1.0746131928263567,-0.2648986762016419,0.17650394790446536,-0.31597903458319276,0.2644432701015527
156,0.7746481275893603,1.1694584835299877,-0.4386965662037464,2.5446561275039925,-0.9901179917905832,-0.026421460413380334,-4.090071222668946,0.6781959322553865,-0.34958920164668006,0.2670234851384476
157,4.119986065694586,-0.1984200531238008,-3.7051334397936553,-2.757327456564146,0.09868439944133471,4.134110263690059,-2.163836517326483,-0.6636903600810907,-2.84258384543964,0.7748381918080812
158,-0.5979006289931428,-2.5418301889990453,0.8061927722483665,4.8300336436317535,-27.873524839318097,0.09382839093655992,1.1581868349828437,0.5445517348621715,-1.2237955136325427,1.2271696484178594
159,-0.944740994795628,-1.8396269933087714,0.4236069153113597,0.6796105973947775,-4.202095362608927,2.9587522122800465,0.5706907763885957,-0.2657972719805374,0.29315965707136205,0.24879520897065263
160,-0.5576998635464919,-0.542974989571,1.364181508555575,-2.796341120713351,1.836288183162369,2.870674838912383,0.48671762256204043,1.8283525212221194,-0.4776178176276653,-0.7631135730379615
161,0.0986407722126889,-2.041329528709293,-1.5009155240578573,-2.0701734947694566,-1.8782611580063118,-1.551719495711069,0.6564979406575717,0.7666446502205193,2.7075494990362916,-0.908777748503268
162,1.5978847358637343,-2.419511604800033,-0.18391009759934132,-3.38122631190521,-0.9290481167412444,-1.877452877590136,,-0.17107771375039296,1.166854112486723,
163,-1.3735259163550597,0.14645205943534984,0.40876309904151475,2.4101224532312444,3.0968258964639195,-1.5066953036144919,-0.5719345379730683,-1.1734610475795177,0.8258231891585723,-0.14553389943024234
164,1.5274922973400986,-2.190498918947396,1.0843169193355229,-4.273753303650616,0.2812488074938349,-1.452311851980894,-0.26734109715159476,-0.5879895205640786,-0.12981232163684603,-0.8618541573474171
165,-0.8165036048052636,-0.12409873004556038,0.21315214971016522,5.5041650235539015,-0.7689453616356074,-0.5089767522724467,0.3426465126604845,-0.08542113839388155,-1.2316252686045353,0.9999175418616805
166,-1.5459912596411367,0.12396771112857896,1.187385683676116,1.4917374828072338,2.9476624275235803,-2.7011677096956968,0.04105678785092192,-2.023460122610726,1.2350001317575294,-0.1368680300199499
167,0.5794532261343581,0.4636843532563252,-1.1809865922448206,4.1814783901254176,-0.6577020717190368,-1.3445078697844808,-3.4248241674801165,1.9099102085178168,-1.6787153522760097,0.5195324497889149
168,11.998316500100312,10.071649940293891,4.391100280307108,6.120178960429728,-1.8751404250703374,3.4902433951260843,0.8119189552968733,-1.8809721301686604,2.148130647250077,-2.292487373865996
169,-2.4518599584968097,4.432890737010949,-0.035957758331144424,-4.301021484049688,-1.8838681981058463,-3.024760297877844,-0.05992900398026831,0.3931258211722023,1.0711099181321413,1.6388346196590697
170,-1.0451966389467389,1.2971564522300447,0.0402774447296356,-1.4684469660999038,0.5535101288645775,0.7694277945845657,-2.477270151474019,1.352250647912879,1.952023725246973,-0.15075287890698813
171,0.14130223359640515,-1.7864895195200226,-0.4582467490624743,2.4645672946217854,2.789973011051823,-1.046682299356448,1.276384638633411,-1.5058286497330344,0.8387750293224111,-1.2581905761474717
172,-0.5935963876155967,-0.873218102299748,0.5034766726109158,-0.6781526630900226,-3.1794399692570643,,-0.36778962776275703,-0.9652637958312802,1.4250273534829454,-1.665808324120788
173,14.349303987962239,2.018359813368506,-0.4019720476797418,3.7301438080534224,-1.4462006413746622,-1.5118664381767626,-1.1495494078876913,0.8070490306196478,-2.498288191793285,0.2252616946051699
174,1.1027771889049365,-1.0710770260951628,-3.4395939226916497,5.209292852166642,-0.871830624315776,-3.323283413554681,1.0433785176837191,4.951763652733353,-1.1102376078432694,2.097574240449378
175,-0.7548022973754389,0.9193870252596823,1.8446065275086303,-3.8698676334628788,,-0.38606405032413965,1.4146318345792532,0.5009425761254845,-0.859554715475401,0.5703486421008179
176,0.9434307189611264,0.889092821641914,-1.4993194000580756,5.216047255043861,-0.791240346349513,-1.69319258741782,-1.4168565020018937,1.1014515573026684,-0.9930499694280094,
177,-0.17674448598096917,0.45091499852338834,-1.6853116525830387,,-0.7532132191010528,6.966786712562198,0.3183512621586592,-2.691378047574516,-0.2990159733960981,1.3490366791591464
178,-0.7743149628321121,1.2885270476448836,0.7851014518509553,,-2.733836547956085,-0.8305636436488287,-0.6394396959093847,0.3311752153284946,-1.0042055631382376,
179,-0.21892845392710344,0.14177320197492504,0.9606003007767359,4.86856163112339,-2.0262709158470513,-0.7724650244411139,0.06854605116410596,-0.1915849119714395,-1.1525660463205951,0.280022979763758
180,1.2075417448345378,0.4050531887137487,-1.5006314174312063,2.8837647013896848,4.456140037314652,-0.6591567430068969,-1.2081016546670842,0.362765728098677,-0.7564801647910357,0.5419828881477823
181,2.401110120780292,3.535059444605425,-0.813977082020014,2.067520458196518,-0.4241618080788503,-0.4825511778830064,-3.577116859718046,0.8678326845151516,-1.6384451685155514,0.7468027837545254
182,-0.6121834074179,-0.22864270964760597,0.17939826819808619,2.4307841699451496,4.716489960510928,-1.369668213049261,-0.4167986958626309,-0.7414323016351311,0.60750261150312,-0.17894182161738523
183,0.7149347738382648,-0.022469412146321376,-0.7674917757097078,3.3631563501334107,-0.4782097498149896,-3.243692673965513,-1.4955784685934892,2.3067010771992997,-2.847659976249104,0.8362343121996896
184,-0.35325212906225906,-0.06686743924004201,0.27819506619103795,1.624505095452936,4.623040742657971,-1.6343601264714969,-0.3715227527601237,-0.7406647302812293,0.9879515750397522,-0.5157173912113678
185,,-0.3548802710917664,-0.28863957492981895,2.263045937781339,3.8198827102957065,-0.8432089577254859,-0.17035893591727397,-0.0980895915508778,,-1.0520002230642502
186,-0.07086389913165421,-2.1829368990450795,-0.3411927650468339,-1.2750874209923018,1.1905565763773445,1.2409766381089955,1.4024457272941093,1.1447915140239318,1.3396753958913732,-0.7256128840269297
187,1.1349521960931994,-1.2581044112387585,-0.7516049207648036,-4.653100465169274,0.35697322897553707,-1.4034086662266971,,0.04658628847154692,1.4126182926396242,0.6790274180991636
188,0.968620928629752,0.8803089873491823,0.7486508416279557,4.081461045549085,-1.7409622334306711,-2.460888690872078,-0.9856151893064519,0.4828422197000865,-1.8466527093565566,-0.47932939908795624
189,-0.5957188651347263,-2.417584276207092,-0.606280445912311,3.8313392387308145,-0.678967966133266,-1.0161715404330431,3.2420733032972526,-0.7658135887376948,0.1831938919633709,-0.02277761063806166
190,0.7308243846813662,0.6083855692385057,-0.16628241037927735,2.9266920714215576,3.2230500533346573,-0.2801329066825757,-1.5032385468963643,-1.2517167776384133,1.0140454119132079,-0.17131319716072294
191,0.205989631200594,-0.9045791183090305,1.3994200458119066,-3.4055952348678344,1.7476939267011735,-0.4108354322800712,1.02252785189196,0.018804933123305043,-0.6768240819387503,-0.37874398871313575
192,0.5171099867740526,-0.9841793263674801,1.3235308362881255,-3.44938943973674,-1.5776438693893047,-2.9757662251614065,-0.678471928706845,-0.538589994178069,1.286262325398027,-1.3079331151585423
193,1.2984335581774606,-1.3829017570510096,1.664835661814462,-4.130463662968838,0.2855566538353025,-0.019745902019607495,2.044933982965313,-0.6846106738257302,-2.0022292569971643,0.24578880456888358
194,-0.6577960282254369,2.265778900432925,-0.8493807855550372,-3.569923379264561,-0.4706133060752956,-1.5020693613977316,-0.9380231843453477,0.47042008573691096,-0.25398723716666133,1.9511263451978502
195,-1.9858679844279816,0.23957995270176177,1.113160878224255,2.167823237517762,3.2283216348957815,-1.7873152639817818,0.4544148844204837,-1.320567108593341,0.9954577513769577,0.10475579277764933
196,-0.9444341552468365,-0.25384338662624667,0.8850249598410261,0.6141024805732401,4.658745701686367,-1.5576741316845106,-0.12800597912482806,-0.34046023591685365,0.39018229384309755,-0.25905084140690476
197,0.6654543465925841,0.47261947850051156,,3.8388315662879724,-0.4638193673356153,-4.309026935584459,-1.7204511484088285,1.1728189131897113,-2.306677533736793,0.4113048522984257
198,-0.5000861056867331,0.6854139500709693,-0.2681385056561303,4.432151029382303,-0.5956271096394508,-1.6327594221178625,-1.8699657583061635,1.684615463271742,-1.9096661368160943,1.162552438842894
199,,0.5215623570210247,-1.1496886956375891,2.1199029687415094,3.2323853323947183,-1.2360487389275463,-2.0007640073534656,0.8397335079369501,-1.2603211138112551,0.3216183934255648
200,0.03427391796083407,-0.6003362256832646,-0.8296701696100396,5.865949406958033,-0.608663494871808,-2.019383284493564,0.5460686054640725,0.23489865291230172,-1.3352308593939262,0.2877816571973233
201,0.6174068578826585,-0.5091711309923095,-0.7318057654465108,2.867803172905927,4.357313658149606,-1.7412657729385357,0.36075042505791594,-0.6645990897556475,0.20050221531578033,-1.21703901282249
202,-1.500209818268016,-0.23075589930615684,0.4815159801685644,1.0212952702331595,-2.9740482362203715,2.381030914511289,-0.5081639393750176,-0.20440160966609683,0.8698453772057698,-0.32108013359087934
203,0.47998086459109834,1.3741519036775605,0.3725321231511746,5.064485857368395,-0.39423423861968815,-1.3188486519020974,-0.6905324580420789,0.678093493896761,-1.9767794325788235,0.5932678431294527
204,1.6765696301288284,-1.014522623411404,-1.0726363698204675,-3.0319916984146595,0.5508948781731289,1.3110279732814105,0.6821205430298527,-0.0762017779932317,-246.75760775572292,0.07528148716569107
205,1.395371737831155,-60.67039500518218,1.3566740304476852,-4.060573858217709,0.7614288046810448,-0.16290839553319028,2.2745525929733237,-1.0223645171461975,-1.8703887760276272,0.7900751187466746
206,-3.537244385748962,4.66832296084032,-0.9568163480731884,-1.6473957273550095,-3.7820474702082993,-2.8839805955589464,4.185094988634195,-1.3841237266066728,-0.403254834447285,-1.0670199610123317
207,0.41665733174693137,,0.09374685908268957,152.537926155894,5.0893219552843165,-1.4689807225808642,-0.2212381915031641,-0.15599577240444407,-0.06866420815826188,0.15927624824556944
208,-0.005188494353520584,-0.06462741674363215,-0.8435548348408993,3.7986515115250534,1.8651761913076819,-27.226455817125352,-1.3280074191389664,-1.4221531313148252,1.0939752266728835,-1.0123794235458083
209,0.45924127817055993,-1.4438405424020073,0.69233588163549,-0.6212374292608248,-4.433782104296935,-2.6227449659024704,-0.7767240111583771,-0.7691262777433858,0.910611796739387,-1.3897364346173386
210,0.38396149913151517,-1.3455223743297748,-0.2989819254984275,0.3004035722958609,-4.523593097072737,0.08845939056475893,-2.3319322850235866,-0.5827744560701005,1.30432880973951,-1.4996485562504098
211,-96.46989849437011,-0.3629367853355433,1.7350849429635713,-1.5482301493559936,0.8616208922257749,2.339456770050944,-0.43677292749347574,1.5028790958706653,0.32992731191629276,-0.8987738671400675
212,0.7769269790980937,-1.0927280142235625,-0.4979098317252828,-1.7827119414777521,1.7575574089227768,3.3701909086761135,-0.21008577078050888,-0.006015956070072635,0.027468155566292854,-1.4185016384639424
213,0.07966250014689714,0.6251612010091208,0.16173624173687728,-5.316291410498158,0.0716418004891986,-1.1585794869424342,-1.3738782988880784,,1.273215480883026,0.9949958046337333
214,-0.45474364841708687,-0.6443677907454586,0.03853039292758015,6.045002630541256,-0.3545940713271007,0.04297759850150056,2.268034061735711,-0.5013797907803877,-1.595956666032689,0.6856793311750842
215,1.5586758516142913,-1.7906795731274483,1.5553157188558315,-4.435800048576574,0.1871767527317448,0.7875710835293843,2.005805410249226,-0.4859317388335935,-2.087409320663908,0.348236825886633
216,1.2928061830234108,-0.17066626386973266,-0.9880583720079683,2.000213776598559,5.343861968480892,-0.9201639235275739,-1.1680171078086097,-0.3732106410826976,-1.0183508458812618,2.056856753586396
217,-1.0739859199065445,0.11747209653320587,,,5.921740844552568,-2.2172889755496996,0.5623529302015626,-0.27273619070637617,0.9285624904307881,0.27046949794626984
218,-0.3638263407695853,0.6182672534637168,0.8109176771039949,-3.6091720276415313,-0.2313100899872295,-1.9718183865639374,-1.058344547805021,0.08763022275766595,1.1362500029034726,1.0363623042775891
219,1.0705458947482436,-1.1438551050206527,2.2186707687894467,-4.957756493680293,0.25809020322649234,0.4321153794409982,1.4055479057605915,-0.036413665947465305,-1.7048828527764792,0.21583874096354697
220,-0.4058119052656716,0.26307421909225054,0.050554742268736366,,4.2636221647670265,-1.595953950109545,-0.21750002581401456,-0.5911239476028209,0.7327821217197117,-0.5245599000946383
221,1.2342180951997819,1.8090452799242038,-0.6430522621358633,4.075392035309615,-1.2944126726638447,-0.407019003998142,-2.9679079816044776,0.9849325349388574,-0.9748208614627599,0.5319182967347567
222,-1.4157389893625372,0.49128743361341,0.954849302905121,1.3209507195279317,4.650860609634682,-1.8210589270978679,-0.02799152397729516,-0.24407379901570675,0.7935423121274442,0.6280072507289557
223,-1.949527249716124,,-1.3718053181860324,-2.4403542941111596,-3.3972403619899842,-3.66871383249472,2.7770994577901518,-1.5391482980458977,-0.5827971306031532,-0.8201533595598424
224,-1.7531588629221104,3.6853076423036133,-1.1622823712744215,-2.8128377956802604,-2.8874660832865704,-2.5515227258459436,2.366754163015748,-0.7451798800564587,-39.61166467771275,-0.8885338899097671
225,0.2508308085600453,-0.9018235360403106,-0.7934434378638254,4.315265859810854,-1.2625320888861835,-2.550630568514875,-0.22009344869981975,2.5009955971920936,-2.015704080802472,0.48490050746006286
226,-0.5462071763542589,0.24066591171501076,0.00235303411563559,2.1256098965946584,4.805527948331182,,-0.6418262655635627,-0.07597291254427228,0.37277052885761525,-0.4179253986481238
227,-1.0804139696198911,0.06301417223381489,-0.012098262593628865,2.312882120767548,-2.3316491387803917,4.053338533793763,-0.3762382598191387,-1.0303665853248571,0.9292069791511173,-0.05027056729516838
228,-0.5186925096645886,0.5955956246880484,-0.4187650642151819,2.553347847569655,-1.0358413048841353,7.639127400060014,0.7672531772509272,-2.4442648493961125,0.9069730062050347,0.897017888467357
229,2.206471215842306,-1.6540321048552722,-0.07532363867775468,-3.7292695582859596,-0.49908427493206314,-4.205615773482808,0.49503993261539303,-3.197870948163534,0.3703959811277889,0.6366516915821515
230,0.12290345978619835,-1.676899022141815,1.2169971096610532,-0.3014895401883417,-4.200053702223398,-1.460291336139259,-1.1471578302195906,-0.11840592213802953,1.3197663617462974,-2.0074812358574667
231,-0.7290637263922789,-1.3777423179426207,-0.9536742700696559,3.7345997678530027,-2.2825848478427306,-0.5084145205431629,-0.22896955642674377,0.8412392222439162,-0.9514216955280601,0.3205418361004659
232,-0.7340495681092246,-0.8289013046434781,0.16210058875791247,3.7008637130186437,-2.3096899171112475,1.1650905022236149,-0.44608708730119667,0.7942347642735096,-1.2136498012025736,0.10082341539000687
233,0.3364157205683755,0.2707136111709309,-1.0449665332490643,208.83831270653752,3.4522992504641095,-1.3511827805033225,-1.1601277606165377,-0.09983527123703273,-0.7462726482749634,-0.373240063227969
234,0.07193459782069903,-0.39290452369781964,-0.4112923727270891,1.4713079582729034,4.273580436043294,-1.5158201409631513,0.5499984115167981,-0.35776705429442995,-0.08990502900436285,
235,0.07320127490707881,0.5005637701139818,0.243525048615194,5.268877608790975,-1.0331139556675526,0.39843665145294554,0.2916293191960157,-0.6448268987532161,-1.3351072112913305,0.20949620583933687
236,-0.5093573005242894,-0.2272162996609658,0.6659087896283947,1.5109331400164525,,-1.8254972435617383,0.2020629015166147,-1.0606212985622856,0.6824165099862963,-0.9295810120058965
237,-1.2374358672503973,-0.21897396569337377,0.9334772919687264,1.6691554558757815,2.9415047461348705,-2.049722013113156,0.23171919446388473,-1.690380315170141,1.2572680233676987,-0.483284403679176
238,-0.622894992632972,-0.2715434974778974,0.20900827362420424,1.7421388464941276,4.547820836704394,-2.215287696339588,-0.2944259742725633,-0.8891571689752163,1.2977405246064206,
239,0.26096760986794243,-1.7452848288316167,1.1016576428096154,-3.125292956000322,1.972028013702337,0.8302290929054688,1.553461015680585,0.6745172479694669,0.5280781762097738,-0.1478665570208791
240,1.0071319041253517,-1.4430224695424543,-2.9138847459730655,3.775491341267072,0.15767762306008498,-1.906275860590566,-0.5688581157237007,2.4312531919106837,-0.2647522113731551,0.09388076365761248
241,0.7550447730933734,1.8918975825208884,-0.8114624869435006,3.5616321307822707,-1.1426906444612681,-3.2017210901602806,-1.9888921097106023,1.016482897440353,-2.1910956685604055,0.443224673760403
242,-2.195572864905842,-0.16250492877896902,0.352240034981867,1.470760066255292,-2.1783937236579543,4.572915271876261,0.9331838364073257,-0.6611292341790919,0.3671896521695268,0.4718340118886727
243,0.33236049411332774,-0.28508197721757095,0.4155636781193347,-3.73723035815539,0.7987949116194195,-0.6838053528833983,-0.9104618102595476,0.9631861844731,-0.02607342692310468,-0.23218145276204302
244,-1.37826871978344,-0.8633173111528304,,1.2363084371943918,-3.3761834111238023,5.228719106042422,0.8386655406679986,-1.1592732278964746,0.39229578118688646,0.5234679393876582
245,-0.33606820039861424,0.6049859207814658,-0.3507084404344865,-3.379319621869868,-1.4983971886346379,-2.050755308823083,-0.7016565588816915,0.5057320649921058,0.7296321446297775,-0.6600281689832909
246,2.6135573507117313,-2.3633135614971654,-0.26718469622550545,-5.504194004029371,0.3652285963361532,-3.0503858354293225,1.5069106180905412,-2.109011207231648,0.3225715230188261,2.0791820411204074
247,-1.5146040462203607,0.06469555727360651,-0.27386912941326935,0.9312422951447115,-3.3654031223352083,4.470405528783703,-1.018671821364831,-0.8864284241221857,1.6236098435327526,1.4017722872882796
248,0.37361717072261647,-0.4116268526643868,0.1328153221435062,-3.1409508333011575,-0.36618812390572625,1.9758041737073704,0.10785537364117036,0.5805261529287548,-1.1528976398692838,-0.8679882330028729
249,-0.04210568016053019,-0.48604998563590335,2.6714521033878484,-1.8727267565009456,-0.025908760095190726,0.6845337372864156,0.8423639141786426,0.90439968008641,-1.7253352982328065,-0.5844740429302895
250,-0.7313828449180924,-0.8066671504450558,1.2382783521734226,0.06143831502950213,-4.581859252225215,0.6398503130914847,-0.7038215284007828,-0.04013399747228427,0.9170026540337927,-0.6215358025909354
251,0.718749778147051,0.38509350663927816,-1.3327618471220293,2.7153632546474515,2.4733577688737656,-0.7947434248140217,-1.1659898871802787,0.018410943112226182,-0.5548851781259696,0.5773767676567683
252,0.16759009776026304,-0.517946172063577,0.8264259378021143,-3.23866222399514,1.4795031731656978,3.656617804892264,-0.2722057620112487,1.363862481274891,-0.6305802283362613,-1.1905467725186947
253,-1.0471916027430845,-1.7687528788179314,0.4223875343282199,4.6494978692811895,-2.6363673191830936,0.05860054742767599,-0.036193937790155416,0.6475378541757147,-0.8413899957232868,0.8913516406110202
254,-0.30170304719489854,-0.5459010688176641,1.7117683798000596,3.554341213185381,-4.003148702070053,,-0.0756230774731034,-0.1275407911733708,-0.7529500630962404,0.5692939263380535
255,0.2462557269358651,-0.1682425973574519,-0.9331630255961121,1.793884595657657,2.713186400453937,-1.2566198173172969,-1.4217320677106857,0.3377730457640419,,-1.3237394361811565
256,-0.6276784082093321,1.1995812197405233,1.3973561140966781,-4.39690786184321,-0.02319358226546047,-2.1369923137042526,-0.5332839052349438,0.40857468885340725,1.036319089306133,1.2258615855231363
257,-0.2866709914213699,-0.6517379645791538,2.2210540943561616,-3.6727729750977427,1.0223669064447223,0.7742105447576293,1.2140670782293486,0.7321425476169193,-0.9299099147506639,-0.350700196584345
258,-0.9503332496961101,-0.8539609490042411,0.21367211348423137,1.493689956168449,-3.374441276015195,,0.08328640397408606,-0.2940609006637322,-0.14774752707065608,0.2522971265387582
259,,-0.22417188577475594,0.3918144276229567,1.9121129514368913,2.026228945957201,,-0.4892090468518106,-0.9096555405812816,0.6179043596533711,-0.3721991461239241
260,1.3189654015555352,-1.1104573337967443,,-2.686955557895992,0.08727903426383839,3.147994117812621,-0.492563130110695,0.4338318355212378,-1.6179490989709935,-0.6408495916390121
261,0.5046981844182596,0.8081760368585988,-0.8789549900361555,1.5876578116439897,4.580799730998785,1.1437935836558404,-1.4089897355874124,0.8954390755778721,-0.8827107073811549,0.6212934328248806
262,0.636209415218205,-0.13081770824307237,-2.0600430172787627,1.9735600639829554,2.65548223881879,-0.7849466706389535,-1.440585576530479,0.5705093255641392,-0.3930484885515612,0.0642431853257435
263,0.3535325880353964,0.6581958200016897,-0.9211075086069938,-2.427011198370577,1.2612175297944954,3.3076155855433274,-0.23057201705115796,1.277137565924224,-0.8543368374173516,-1.2953901935219443
264,0.7302417173405353,-1.430839259825722,1.5377706764263566,-3.9284471198009174,2.1189604904294557,2.7625594502034065,0.8016175240703977,0.5846842856730153,-1.746624936309302,-0.12007961166241857
265,-75.48127609503675,-1.638978367911116,-0.41157735098897685,4.657243735291113,-0.0797659306994569,-0.9116896729926002,2.0101156071104773,-0.9129125393518073,0.1579714019977975,0.010344482307981824
266,0.23324227121425334,-0.8528099066094327,-2.125207272221929,0.4485349900676893,-0.8679273991451595,0.7035717916798744,-1.3575909826235883,0.5882991955544544,2.6059294362903205,-0.9419573590304784
267,-0.3057529478317997,0.9392683578768151,-1.771043613228251,2.0761884056943685,-1.2399598642966028,6.4747096238911555,0.025050994622454588,-1.8137783898986386,-0.4231179031178125,1.388747531285007
268,-1.1086413495395142,-1.6170275302597987,-0.8685643590971601,4.434460795620027,-1.599435153030335,3.7177938057677045,0.28504710444312803,-1.02754341424841,-0.7288579831115076,1.7739770051892394
269,-0.7370357451453459,-2.3474113550577216,1.1757568630212003,3.6290778712274006,-3.203360790023518,1.5377361256018334,0.49515524282844603,0.5250574630157989,,0.39728719437937865
270,-0.9111791960770155,0.5383640666537588,-0.3523920099377081,1.087279348030985,-2.9420353077471817,4.466600042685751,-1.3564284387760868,-1.954548223615469,2.2270800303485028,0.31785912032570546
271,-1.1326358297306058,-0.8402628499724385,0.6011989223900195,5.3961087110607515,-0.31425098499978116,-0.6842645470972614,1.2457515432655395,0.025406854856848442,-1.6448543868844667,1.668564194480223
272,-0.06056075790435059,0.008012453663876281,1.0032703693983618,-4.067965316213646,-0.29279078928314745,-1.3963670144634424,-1.666107023376716,0.8131008918247535,1.5529270870351874,0.4076055762981971
273,-0.30471678494709004,0.2507212206850487,0.42423061563977876,4.619354319778663,-1.6606866679830512,-0.6002039080995228,-0.09135537755098679,-0.12142738534474533,-1.0570009268003813,-0.1455935514103938
274,2.4511866614731366,-0.8970292508070392,-2.6903261559759164,-3.304278699164127,1.3515407478247383,3.7159047007858024,-0.8960632114002149,-0.09436359041790603,-0.7179990684333076,-0.6258102618417166
275,-0.37223489007832217,-0.35276552864996596,-0.069079483802306,-2.7169300197131974,1.448482956417768,3.1458242509298024,0.19610597604135016,0.9692386547051555,-0.3323117278236732,-1.5910587158689073
276,-1.3913427546695758,3.101741605490043,-0.5738566160207308,-2.179272069138765,-2.861930801008705,-1.503486243413751,2.2838759412536005,-0.5949016907533283,-1.2971506531644783,-0.19847066657156434
277,-0.3766922436991654,-2.3741369981851816,2.0213390318299824,2.478358164271074,-4.088663531699991,-0.840578402655609,0.8268124122036762,0.48149114431199197,-0.9402643746583143,-0.7012339223973464
278,-0.7104610894039719,-2.8737463773171075,1.1150366280070276,2.9992023526798626,-4.326667525414185,1.6194451137579726,1.316172268638604,0.03299530595969955,-0.6020447117725267,0.42006740869167725
279,-0.9127809461937826,-0.8557299626087506,1.07047041169794,-2.8062730682335473,1.4031168531502647,2.6942999075554925,87.20830153226888,1.0652545052227942,-0.6548873349744356,-1.097030618074609
280,-0.7815983362383153,-1.4514838775499206,-0.6511851606962666,5.199465157501268,-1.7937508389373498,-0.6219008479533374,0.9146317129053358,0.5526840049900732,-1.0491900766682392,0.9791110998218172
281,-1.142499318253839,0.17120805017556048,-0.1368514275257395,2.2453400040849893,5.038402469723015,-1.3008474870690487,0.6795369942676039,-0.5540481302139656,1.192481694401483,-0.7967423672442089
282,0.24985885049478582,0.09634568931059767,-0.6567033285288822,2.437700982614228,2.6402969358155683,-1.888438201459378,0.10848445831408,-1.09555627875179,-0.713530171861446,-0.12331904411003788
283,-1.520171153820012,3.1173510498427275,-0.8136440979974592,-3.156283745494444,-3.295145201573818,-2.622183292827409,2.5492639950713127,-1.0877916917026602,-0.4029171339994378,-1.1397351400097315
284,2.786955954380746,3.0985064904945747,-2.573428505949443,3.9413983037700415,-1.2881418039857613,1.5131186371673222,-4.9823387333515425,-1.539461298690243,-0.021358655664597638,0.6464861118052062
285,-1.1257921247559322,,0.24505491666719925,2.6512129661479324,3.345767025483826,-1.6807698070726809,0.14481320695438007,-0.9432579124939874,1.0233569239833407,-1.0929005819612967
286,-3.1213817378322637,4.376828266865702,-0.3746863091539498,-2.3655526640834577,-0.6878017751274301,-130.9453824853413,-0.6890329374289654,0.8757785815386246,1.4059877367247615,1.5240426206065312
287,-0.23663957222509333,-0.35745837136227787,-0.4517086361903243,2.6182717824977457,4.122176464520827,-1.341590432017064,-0.8107357024594901,-0.08996380283028892,0.22944222316417884,-0.7002525423390824
288,0.8237508810073921,0.7493243499319668,-0.49536821317828317,-3.95140979264903,-0.8900693735393405,-3.433342195807698,-0.3625533889183331,-1.3157798951092612,0.1953791167713779,1.7409898826689503
289,-1.119070700947265,-2.580106406231351,-0.09936201936747846,3.8407437166748806,-0.7362287397347753,-0.18950652332712592,3.339577017721237,-1.4809944438014826,0.22879830293698455,0.34034652569116036
290,1.9458714574471,-3.6651615683688568,-5.416494962193799,4.967874929939052,-1.779720552667759,-3.4588401677305436,5.893172119721278,8.163288622594678,3.5148670544774436,4.032321367758638
291,-0.9824913487238531,-1.4734710562277007,1.035766677586149,2.645862852184011,-3.240897312697758,0.8188623364228004,1.656918127895849,0.31731614445477296,-1.6578628488183662,0.46819813479642025
292,-1.0730155186884358,-0.797245868529582,-0.22513253877318942,1.9745503229910888,3.042585066384924,-1.6093527086323458,0.5927424526355757,-0.6319127924617689,0.294618927855958,-0.44596449708266517
293,-1.0437645399570248,-0.6403100365636077,2.7779314678131324,-1.6980832092408777,1.3049093778282344,0.2487163339982097,1.1669343733087938,0.22986159737912143,0.18346779999948748,-0.6137427592268254
294,-0.10010004624533635,0.1423053313843966,0.4963298706551675,5.304827078947508,-0.3462642839069546,-0.8101348258584511,1.3599657097490705,0.2746462595931674,-2.420464906213384,23.25804316623076
295,-1.6046895728159905,0.4928564890892525,1.3227409352179667,-2.684797380556929,1.6393152547071317,1.00642472229189,-0.18201656270569147,1.1146839869104672,1.229932145877983,0.3002836810916815
296,-0.09315550669150467,,,3.050772591584183,-0.02936523375706649,7.338195784102455,-0.04423589715605806,-3.5900836148813244,0.7423910521850383,1.6714141142506365
297,-0.011005789305124624,,-1.3289024802335978,3.3699667097610595,2.760450649319386,-1.862209612229324,-1.3724625992170738,-0.5656394093525052,0.3958670583659298,-0.4567587391286866
298,-2.4332635346954157,3.3160476295040726,0.5495231989656406,-2.937730598608334,-1.687299404592298,-2.2995138603841103,0.01518382405261872,0.5643161215868903,1.0283994914877046,1.3522112770405548
299,-0.39876495974366477,-0.3661772085573725,1.6882487844498741,-2.400927462923218,-1.9869846826246789,-1.6807112086220952,-1.8220493858601412,-0.07132593387275794,2.336721021341184,-0.4464168741529298
300,-1.0446769669502047,-2.4824557517142334,-0.37018252675946617,2.679992908677243,-2.6811938489388685,0.8246828572566955,1.7326757240213768,-0.016938632387535534,-0.1406125990321955,0.26006804958619134
301,-1.1111076590675375,1.432612091184004,0.7981114938041014,-2.0522746721384464,-1.2203631794040564,-1.6180711628051578,,0.2694896719540525,1.3855569029091364,0.8000265801309268
302,-0.9569277405212819,,0.5537784394793782,3.383938376809467,-2.857345568311728,-0.024543043743025777,0.22956968067575395,0.21278087349599067,-1.1070495979311155,0.3306155176673813
303,-0.4017732900676955,-1.139632901009149,2.2135114625145316,3.0202268484884627,-3.6310777928438256,,0.2449568692701622,0.4321781985763959,-1.492968810201775,0.2232303566766766
304,-1.2441830491888353,-21.021418130336567,-0.6225567683348878,5.60584744543792,-0.23872789513671352,0.2819915076281813,2.2371580878758928,-1.056590794607795,-0.477768230793804,1.038257892690824
305,0.4711965354141896,-0.042404857564033144,-0.6943791886767272,1.6734506979611738,4.504619694375309,-1.1705849644039739,0.1432361057332818,-0.7675403162629136,0.043868219480707474,-0.16646636980153154
306,-1.4935041293657785,0.8238247047648544,-0.19125055234583815,-1.520787783701221,0.031728519071539237,1.383819711410904,-0.15377638540355604,1.0041065936917712,1.090552767625265,
307,-0.760514164543575,-0.6905359405448074,-0.12575295521857247,3.1710354246713135,2.1722533831010113,-0.8230339278480951,-1.2849633920739976,-1.25244188117402,1.4679366066540072,-1.0202649965011006
308,0.19323806437557337,-1.4328197133104998,-1.1082049981638578,3.668109707183212,-1.3123588405944329,-3.806491542230388,0.40648358687039476,1.0903572391750338,-0.7030877844507216,0.40188921935146205
309,-0.818403228349799,-0.06617650619798457,-0.33380533301854326,2.473207251483659,2.835175576930075,-0.8564008895796172,-0.8717751731108278,-0.2777413810844893,0.8746834792089772,-0.9498516978916902
310,-0.619374155470927,-1.2403614584398934,-0.6270329683499202,3.9970794608351423,-2.383493666751386,-0.3402938307176863,0.020246998681959803,1.1733861680324478,-1.7295384766191677,
311,0.8929840737280842,-0.04389790944641783,-1.1774482239511588,-1.7761140770079953,0.45090198816992266,2.643981635580996,-1.2023459112674428,1.4556176556848128,-1.2627891504200357,-1.7133083995697147
312,-0.6890715762571377,-0.7957420130954542,1.6054727537110005,,-4.693646434253435,0.47269415882422794,-0.7762567186263577,0.05481691906804293,0.46938935682720523,0.1792970150250576
313,0.4839482080919842,-0.7753787243727902,1.7421257555523184,-1.1805441444146378,-0.4620503236484453,0.6202730403947281,0.26412147011414194,1.2165330848703504,-2.168618879100033,-0.7839654228088763
314,0.016858765432712034,-0.7130808900959782,-1.015435900392519,4.357429488350418,-1.8316709512684812,-2.0268279257010615,-0.5303842258829004,2.055733764868949,-1.8549992151818222,0.4843542613618088
315,2.775943745177594,69.56805778209184,-3.7057239406982005,5.721226832798164,-0.2561457106228295,0.7790504404998098,-1.2042860471244963,-0.34692927352320213,0.35744324627657814,0.7364282532884048
316,1.2713942934873286,-1.0731024087532062,-0.03873675330121207,-3.2833734854287147,1.1248880967654293,2.5773397871634973,0.04022873045203381,1.0833145509077389,-2.7335525155120926,-0.040865693569153885
317,0.2120683495798074,-0.43053197953769046,-0.7392179794803108,2.7675254418618063,4.228533143471448,-0.12513962178780885,,-1.086280957956632,1.371263619523931,-0.9257333545890728
318,-0.88751203860296,-2.1850130560242205,0.19451242410012923,3.6025187001507235,-3.2581362578047157,,0.9011212813065104,0.28099835279844304,-1.0473209613599361,0.42531069590827486
319,2.915633765616394,3.798269340816538,1.0610652900939368,4.644474909515801,-0.4795932035078854,-0.9351741599151608,-0.7473836707545527,0.5507841697780476,-1.7693209578910607,-0.3925358481334236
320,-1.322572916819778,0.061339634548244544,0.7716508973367796,0.41806478814036846,4.085154931671221,-2.1775612275095466,-0.25940909203425605,-0.5829022159439577,0.7389033888440936,0.8615822072980169
321,-1.385936694174245,-2.5378925142459847,-0.03619080387971518,4.6116305579694306,-0.6419123762166246,0.6228743551112966,3.555985526504683,-0.3555865513343698,-1.074726717285745,1.783592444561257
322,-0.7906542010969663,-0.718500495841286,0.5842930000344466,4.229248267876169,40.65826839409425,1.3187131422392921,-1.1267931954483035,0.23453850400160403,-0.28898985877350136,0.7411064217971193
323,-2.3467551446695993,3.3041059846989267,-0.1409778584606385,-2.5733068320534054,-3.73585795112282,-1.8794657092799871,3.2518649933803894,,-0.46991202399063564,-1.1277470555845606
324,-0.04260985202112756,-0.5865591341306793,2.0990664802813597,-3.353252688815826,1.3920955872416976,2.0660519874926595,0.5553291970137297,1.5528499426587818,-1.2744211315519025,-0.35257336459438887
325,-0.751359646984329,0.7404294689847432,0.17074032721359353,2.041375772628153,3.71568624318654,-0.1840822915780651,-0.14323091638701524,-0.050668556635995565,0.666110033667762,-0.26024723071161837
326,0.561147674108261,-1.0923435313854064,-1.6089165341495337,5.501100828028444,-0.5819016522339018,-1.8079889023673024,1.3225110569413159,0.16192390130629503,-0.885446927872627,0.1415088982187685
327,-0.5451215464025158,-0.3643925288767287,-0.6116590362330381,2.496862812461048,3.1961745948461506,,-0.2838468219087546,-1.07942319186283,0.08833809004392083,-0.6788379154415872
328,0.1487109391786368,0.38515868176195595,-1.092814078633356,3.7892153620477576,-0.9694412724054318,-1.3852434035882073,-2.043290166059379,2.2339700959081146,-1.7007049033931727,0.5348019487352718
329,-1.2041620739493948,0.1528813061654689,0.18759456478531922,1.5024457792183938,3.661664960759663,-2.2163237047435227,0.04393907516763961,-1.8342079038093384,1.2002619900526514,-0.5626645706288045
330,-2.614509539327933,2.9638089218174617,-0.7450918394018475,-1.8824974839241724,-3.6800686995756013,-2.507959201993207,3.3213380287246705,-1.5870497274186672,0.23963162995773496,-1.541889915768359
331,0.792354818715971,0.8788459032632443,-0.470600741058837,4.663438648287803,-0.7968909938428135,-3.638766260747009,-1.039257189441068,0.8898453181628238,-2.0546328043473028,0.034634237741789003
332,-0.7835695578453574,-0.39195792103869287,0.9286793315663723,-1.812758303059236,2.894666539950125,3.2606712303717966,-0.33060604727417653,1.1268306784649917,0.23345782881819838,-1.0652324744073765
333,-0.6855976957262238,-2.0946546414096807,-1.0165572050254725,-0.23020466201066211,-4.131617557057516,2.5077183069006677,0.4406219935617313,-0.6473004481263663,1.3906500098440215,0.5488417206802041
334,-1.7277565776858341,0.2723145703197043,0.8955097446090758,0.5060896126659032,3.513914378921861,-1.9375670082549266,0.49820243415504273,-0.6173428398469888,0.8773878403641888,-0.5348481433015831
335,-0.7919481447969209,,0.3969407542022259,4.429268931417304,,-0.30121352834570414,1.3169311569648237,0.25100497315077286,,1.1637283429668421
336,-0.009149937029537302,-1.0406876913624163,-0.848109303723447,3.5425261343356973,-1.1316156172778469,-2.4464877550713693,-0.5399160805672667,1.9359653403421453,-1.0400559693617124,0.08502457715185933
337,-1.3550330056388524,-1.7859368742915172,0.8975915765055792,3.9396547457946287,-2.84440807837556,1.2971446997849088,0.7150978558142381,0.11452461557799494,-1.0751019489512381,1.2972264396049578
338,-1.2381766309303677,-0.8197790585142252,1.1247240390497983,1.5075007160184914,-4.073511342774393,1.7710893599742643,0.39110197228560817,-0.9167348653937683,0.3885781030637063,0.018418100534318135
339,-0.21903668990557054,0.7417032144019952,0.033772425322942876,-1.4771199093707057,0.01210549878714099,1.2840427408535406,-3.369021806924645,0.12952401784355858,2.728976539851095,-0.061361197272691057
340,-1.0589980264676673,0.03799097705230071,0.7233006224363617,0.17893837739767365,4.3708505504921105,-1.786879546586115,0.825476580773469,-0.7905363298850374,-0.004745712621643212,0.38448467859333263
341,2.6726544252396938,1.2013451929399834,-2.639075080672562,-1.2923643252941754,1.3521221626600088,4.37214862521547,-2.0058500734315543,-0.009495379395382827,-0.6209581567250918,-0.7182514632025071
342,-1.3239754125206582,-1.5587357704236637,-0.051825191906735985,,-3.1278908648914503,4.4403066813120216,1.158907699954928,-0.7518862652487605,-0.4767256868230164,0.7311931187768875
343,-0.08551449091508044,1.458920679501926,1.0005038959045278,3.0536142492973997,-0.6755592107114831,-1.7810074471766562,-1.8696157501756108,1.9258850924477517,-1.9518898347396043,1.363324888197768
344,-0.9648187787955218,-1.1448168015503566,-0.012207926843689319,1.8741262569009463,-2.720418994992163,5.3993401424156895,0.5746247038404901,-0.33836516617667106,-0.14758777398075984,0.353913287387898
345,-0.21149272270649835,-104.58335399077605,0.49699073848588937,-0.052029483522208854,-4.479796420450833,,-0.7934802865362334,0.38599990170484805,,-1.6407561638708827
346,0.32529785931041916,-0.5690146566290208,0.8456548827892334,-2.4124347910266244,-2.1036038110015998,-1.920642391847873,-1.227661218765965,0.44179658568137614,0.7464445472712804,-1.5413742920867237
347,0.3713712052272129,0.8396193437578556,-0.17750693225593114,4.990965388800123,-0.9887424068389744,-1.1565574739104798,-0.8626252289589165,0.7628750911469326,-1.922698385482682,0.23917772628282566
348,-0.361920169667177,1.0847500706043178,-0.5115415430815647,-3.7348503790058523,-1.0684086328429194,-1.3896731251664893,-0.44337708635714557,0.4475987496526846,0.03906772974283511,0.6422456639766233
349,0.43979725646036955,0.07915574749223209,-0.3681687584185165,3.571204172053261,2.593835130041894,-0.3177960128925574,-0.9127882792065514,-1.5520757101469933,1.2019123527375202,-1.0424070101562357
350,14.744714071387639,10.806006811238863,1.6409051804630799,5.54653982974269,-1.8692910368516724,2.5459268327300846,-1.2156263664917166,-0.6514762615829981,7.439822126475646,-2.4318252546579227
351,7.25374557590321,5.387968784997033,6.421589494233108,5.885288307885118,-0.5198998442317635,3.80201415380686,,-1.4509897261569087,-0.41614235876906547,-1.0207803035111793
352,-0.8674054355559857,0.1544324520086079,0.24952868573909184,2.4347095816640474,4.092849293733295,-0.6968078299130661,-0.5475644142842598,-0.404876789964102,54.358367652828846,-0.46150469409116646
353,-0.273138537100662,-3.780783560422252,0.6013838050661157,1.8764020001704393,-3.8114459819387903,0.3418582335087858,2.383296827685019,0.3070074951478809,0.1869726268377499,-0.0851382012697183
354,-0.7532427630530504,0.18712368191250658,0.7154250124577385,1.754097400955477,3.7848652407560244,-1.0241926849223866,-0.6516477788592383,-0.15746718286239159,0.0355370616513708,0.3063366732454895
355,-0.650761993045421,1.0601484571822,5.7531066771968336,2.3508739161231893,-3.358906480226868,-2.4265180687742847,-5.111539060453066,1.246093567088661,,9.693238939670268
356,-0.24871761800894057,0.1924391777055304,-2.848644658253676,1.2858033546835264,-1.3834809268706338,1.9058446373430078,-0.9668735059417992,-0.47540059292897546,2.0054719726361334,-0.37378913139433567
357,-2.682692058336841,-2.5625078277301747,-100.37938445700274,3.5112242633530415,-1.7802264577278488,-1.6533235969536706,2.194642365586171,0.22405739681827758,0.22893372640566845,0.3692194282288205
358,3.883902344286159,0.5865528388925956,-3.456573927813717,-1.4019860488268348,1.0861782068337142,3.8814256930535262,-2.302012734109804,0.39731916290026914,-2.5269102746889525,-0.03646660134975324
359,0.762380207644115,-0.9362484003728718,0.8458182574966286,-2.951451789371887,1.2523144897359484,2.810928265492911,-0.17571886421712524,1.2723260518099129,-1.5432092307438423,-1.238770021334692
360,0.18252545538658402,0.09195465029264721,-0.2863958174831573,1.8006725274828348,4.364945508511391,0.12800331574028864,-1.382044167135643,-0.08217216759315593,0.09160668950128367,0.029972660742232538
361,-1.5110669861691086,-0.8038690695862157,0.6709535562968327,2.534637419169346,2.1480158783783074,-1.9519034075193147,0.6928953974821889,-1.224220145502205,0.5221620668671834,-0.44024475386917633
362,1.1452239828366466,0.8300660046338328,-0.48310094738197584,2.5931446660455704,-0.5869813851722163,-2.605285854854049,-3.7396372826025055,1.3636051791882562,-1.6308550550248826,0.5207388287905365
363,0.4952417089230172,-1.361732199444339,-2.4337666947594596,0.11656869988129942,-0.8140636670841735,0.3993141151184513,-1.3416031409775298,0.46291347484415146,2.9212268452020873,-0.39531540774609597
364,-1.8461428267861804,3.5477792291626766,-123.62850096949474,-4.207998177273985,-1.776963495011297,-2.0457478144050563,57.671592806905714,0.3562271731390059,-0.6922727669076835,-0.9206891706005431
365,-0.6368924808304969,-2.51441552194178,-0.5030285419756213,1.1694361671132307,-3.9966064193204276,1.8041981821485178,-0.1397645008708036,-0.8843108766959129,1.9070144845919381,-0.5406687663150471
366,-0.6080007522084839,1.4090408544119148,0.24912808892856136,-3.2905032354848744,-1.332257387587442,-2.2247740154373066,-0.6307487792349276,-0.3954584320940047,0.26695127725153356,1.6073768738947447
367,4.013778651605574,-1.8516522216274762,-2.658981298449484,-4.166653455969858,-0.2455980201377023,2.768309712756851,-0.8964352507019069,-1.120855627439135,-2.1242212494591874,
368,0.023488508637529985,-3.666108164512933,-2.1162393197680642,4.756614881221389,-0.7858248056261694,-1.4547703349595196,4.202780725589392,1.7332949623704395,0.5976670161854739,1.5679126980188882
369,-0.08373805057694896,-0.870823326987101,2.0152451596038787,-3.2365363895814934,0.2693922439671165,-1.3527668413298342,-0.7509739113229462,0.22378495267105167,19.857977489944684,-0.5456044498115891
370,-1.5651807968124503,0.0006907374681581663,1.0577690162953026,1.6189530685241513,3.299728764282248,-1.8186892148874878,-0.2621339902814207,-0.9539859287315273,1.5483846049722572,-0.47033109430870806
371,-1.1580014438232065,0.31556436946269684,0.8120210403702879,1.636227135086991,6.141090014676046,-1.5317175642344498,0.18934105793284023,-0.26339946750562493,0.9334185857659383,0.6427494393695443
372,-0.047796034530427814,,-0.6043249743650267,1.769033893651181,4.0584821914392535,-1.7883990236535223,0.3927977973680634,-0.7675019834697027,-0.2895163374714938,-0.02330704871728374
373,0.8079457737326683,1.12429507695003,1.2154948775674568,4.330274397279626,-0.8715597350741849,2.2275782137086626,2.4429573087744307,-1.5181849385435342,-1.9887475820322094,0.6987550880213057
374,0.6684403798924978,0.17473825500352977,,2.4390915585049817,2.68614770805021,-1.1712597759288328,-1.1509762352921378,-1.4645016724272284,0.42734077748214705,-1.6645093258198336
375,-1.8686576836054198,-0.003802457783799752,0.8950135615797606,0.6459495758111008,-2.9144183610280714,2.3507666260727063,0.3144746962483239,-0.2238032475347563,0.7748867211848959,0.3232722144677399
376,-0.9210125469160992,-0.06133190777719921,0.55272623600656,0.7247314942407653,4.594341052868577,-2.2523907222075255,-0.019443754630577105,-0.9191629062675478,0.052871064889067385,0.5200421704800929
377,-1.6693826027762613,1.5902077046493048,-0.8978714116179464,1.805133454059504,-0.44876298681467836,6.076395400121355,-0.07102290496796529,-2.14998144068834,1.5890208793053355,
378,-0.5659629056073697,0.11164779161424926,-0.5383833577215574,2.2834333883807765,3.909983605087641,,-1.2475710656652035,-0.026378221682935746,0.14465971700335295,-0.20384831892216593
379,-1.3856033489815107,-1.1070064883606232,0.5668036202633667,3.522266735328299,-2.406765254178136,,1.1633957103634065,-0.32902546774707575,-1.0559411895301283,0.7395862157385605
380,-0.5811864198863096,-0.7043837072863247,-0.06677376795225379,2.9794645151559735,2.781357097566027,0.006985251264707958,0.8088142710597558,-0.9314233602269228,0.29334221380057635,
381,4.559822814515229,-5.659246164327413,-10.460267025507338,0.21101980899244,,0.32243388179581267,4.041709450341538,5.295153603464838,12.830568621836875,4.80624557931092
382,-0.21137387226933965,-3.5010034805286954,1.046026007296261,1.8215306294159692,,,2.104336553624663,0.32079483906960926,-0.1746177344378035,-0.17851374902855882
383,-1.2889564977499035,-0.5739959983364943,27.229748014190303,3.3753589819552436,-1.6648296614617037,2.3830561876006486,1.993656960343701,-1.1010412048526717,-1.346533323571289,0.9977881910843888
384,-1.4224014968083545,3.325232072624858,0.47927866747416165,-4.035071342330309,-1.0256944928620426,-4.786307648634402,44.383216650108686,-1.3105661472851724,1.146939154936567,0.9792295741180598
385,0.824185615672348,0.28829639947516444,-1.7369599186152613,4.3134257080171805,-0.39852364551246033,-1.3133893034178254,-2.5716718349339356,1.8954684545123277,-1.681116821739965,-0.15388698058614755
386,0.43803708746003256,,-0.8410437693144034,3.311692339716621,-1.2913674620531195,-2.7605172811025147,-2.4834709172144884,2.1959139300088397,-2.32988908032719,0.5643037581610774
387,4.932402572277316,4.371499141251951,61.46683346560279,6.5905819781166715,-0.5155671784873093,0.8675976475806679,2.4176346678098533,-0.5382840543927241,-1.6306197767579342,-0.753803293603836
388,5.542156930266701,5.6293115047600955,2.8751375655037177,5.6102693849543295,-1.215841244305438,1.2344759830123602,0.4800657512726194,-0.4266273854418131,-0.420153367084885,-0.7571940822132166
389,12.038325240384763,9.509048657246058,6.625153534691537,6.881072122343948,-1.1171171257587618,1.978490834918704,4.955818805773523,1.3294800988320465,4.0639190877383795,-1.582153813825381
390,0.2579839568982541,0.5857146220531018,8.994725309113424,-3.396214195703709,-0.7657252202594331,-2.7157361751149396,-0.037845296997325854,-0.8933807717055167,-0.0032202521692263042,
391,-1.5183796287002038,3.231476029522047,-1.7381949248728714,-2.281948725656537,-2.070545880051145,-2.3965750269021453,-0.10002880405291546,0.6417743190192232,-0.20940893700396807,0.022033038754012278
392,-0.5567121613819902,-0.5733779629959656,-0.4491263045347522,3.0193069981164484,3.306441116538859,-0.894774911115436,-0.49301776824105825,-0.8968186047984247,1.2233301106001815,-1.540209442007159
393,-0.9235747293475199,-1.8658463646364996,-2.262487559042861,0.51705502206042,-2.5794564884848588,1.1367991299658444,-0.05716605084728353,-0.5380519870561237,2.4793402112379352,0.260355556376669
394,-0.018079831213330917,-0.16412435096947992,-0.5162267149998256,,-0.9642937830135564,0.04958415204526246,-2.1553704554990634,1.4899023548916042,0.8550286227586404,-0.5709839212053476
395,-1.1814898645259737,-0.522685741570515,0.5131581041670714,2.9918683845345115,3.1385646446879116,-1.6743293058441002,-0.03050553403418551,-1.0602457946382722,0.9623227162594039,-0.8877507024857599
396,-1.293910415433219,-0.4591795973925099,-0.08007234391462695,3.0588946886519572,3.0865779181108333,-1.334435390455191,0.08662056530003014,-0.846672369516759,1.002990549203198,-1.2294362860105932
397,1.72564026213941,,0.8120305073756048,4.452375266021234,-1.3670380458392926,-0.3311093479573676,-0.5754732971334436,0.2932701664351262,-1.7588490062434736,0.1836314995833434
398,-0.2746324514508538,0.10304636720728738,-1.8501101375474305,2.6217835741655406,-2.373891152774782,6.735147248689876,0.1148544524294358,-2.12029012728564,-0.20245360988130134,1.1811573564707651
399,2.424148346510771,-407.5266375163295,-4.851412206565851,3.2747796102834443,0.09807045751252068,-2.262994054874773,1.08841922203684,3.1156278507078103,0.7790936297351657,2.034515726976272
400,-0.45698824208657646,-0.6591562957201005,0.11833404350235525,-2.9087256283596283,1.5565658811302483,3.049752027839017,0.8663528253321359,1.105761636553354,-0.45498920925073666,-0.9149698294661002
401,0.06431763966715737,0.36462863292709197,0.060638452862784895,4.484953779922515,-1.9298038985483097,-1.5865013553455463,-0.12718701310133937,0.5220373314524075,,0.5615158202483523
402,-0.0940077895743431,-0.03776350249444744,1.80453480634238,-3.1469214479412995,-1.789074343678199,-2.8525785604147553,-0.6675648360436109,-0.8492025800935662,0.9534470676618367,-0.23097764337299714
403,0.3335223664262079,0.07414241368997304,-1.4163655963357067,4.376028784931487,-0.31523651090835175,-1.9216089390922766,-2.008330032933407,2.33021414240824,-1.7566179952906888,0.3766019746815258
404,-0.20078797782098215,0.5431066673981629,1.1367810508616156,-4.236530169732201,-0.45748831408040797,-2.4752023725013332,-1.2017867437874101,,1.3743959320434325,1.073264861738833
405,-1.9321477728365741,3.0331457605892482,0.42392115710066736,-2.876846666857736,-1.6673543130122415,-1.9229810357243904,-0.10093014313102701,0.5591027991146532,0.4850163483349039,1.3666496581939924
406,-0.7522712556652126,-0.3941290275114107,0.12359668259579043,1.854031740437055,3.6555654008775225,-1.5157029065017997,0.40895519625611454,-0.7691449829136122,0.2881769839821326,-0.9957021751223439
407,0.20170221912586242,-0.6002835561339648,-0.7233725149266886,2.556023440188373,4.839582976943513,-62.75954111449672,-0.007586266154672666,-0.21253859126789781,0.3339859542887042,-0.2515912870530971
408,2.0204712896644366,2.939022225148444,0.058266083496928425,4.424771639381018,-1.6002564969299893,-1.0751129434334694,-2.0052136539011265,0.6776309899011892,-1.237666659470472,14.960490669189184
409,0.6033120018485603,-3.3214281636546814,-1.4607833754344688,2.8153757046758123,-0.5532762450138248,-0.9605670492923297,3.5474288521557575,-0.8957512320633162,0.8098152416290723,0.199508363418215
410,0.06887231085600444,0.07998435964679262,-0.5918677727040369,5.720645972966714,-0.6152074454104607,-2.201025213214123,0.8613373051947021,-0.1953582462612511,-1.3882513012957318,0.2504717950627052
411,-0.6721422241410202,-0.2302789989550275,0.31500353872069586,1.3073026548618256,4.01671439168335,0.5199514197108572,-0.8333102736191655,0.6337245864141458,-0.1858695803384886,-0.2391810642227074
412,-0.07541097119142824,0.897122799971686,0.09746405036002256,4.649428656558289,-1.0949598695428397,0.5477884647210938,-2.121336265730967,0.7814026841763481,-0.9650776824254358,0.6043596017034334
413,3.1679043166305805,-1.117969003057907,-2.799925134414191,-1.9590415901394183,0.5958041867616235,3.7287275904998287,-1.001155025620803,0.1308253535095825,-2.9212994218637793,0.7321570500374823
414,-1.595961673293874,-0.7786885815539073,-2.9928268435087086,0.5215269813276346,-1.8836020866371634,2.56235872585321,-0.4183383389664013,0.022115603338155335,1.729526129292748,0.7547126953863823
415,-0.48551215829752997,-2.532133912008454,2.0276400256546534,3.3129297198863243,-3.8702463170521506,-0.770087473229214,0.7616975938446933,0.6137899492020045,-0.8736048899811076,-0.12175489393278063
416,0.6513229020928342,-1.6348073798773657,0.8374587370354292,-3.1634710839656544,-0.22797363093468329,,-1.5779567334826956,0.32826015487411125,1.0220789147541423,-1.5734662495123979
417,2.341269240159056,-1.3641241146805358,-1.6056176318811746,-3.7739053970596057,0.015908151822873272,2.52882645403276,-0.22187451424411347,-0.8742653319933036,-1.2867669683094798,-0.5191303576371504
418,-0.7915064487808026,-0.9437888891252403,-0.12715473599571203,-0.24932797991669906,-4.51390133035837,0.6430316586836333,0.4957851889708822,-0.5718797250480274,0.6307638092308968,-0.8421395457227815
419,0.21026469563241898,-1.2672770952809225,,-0.13915683329398398,-3.665719121012076,-1.9529535865054723,-1.4454880080645636,-0.698528383467589,0.8809905379786388,-1.4789667459689828
420,-0.47658880937293074,,2.3700796875817445,-3.1687743535041903,0.6067375243824527,1.3228967498029074,1.6759339209598794,0.5496499271876961,-0.9975467506081942,-0.2573878933272367
421,2.79628228746611,-1.1625337130812805,-1.6329733574776728,-4.594689061149206,2.1911661190783525,3.222083246505724,0.38924034310421557,-1.0434067697571503,-2.5973958754932602,0.7823986933616667
422,-1.3538672691319888,0.17456408015704608,0.7152837559027215,1.0837830981383663,4.884644472730959,-0.37455155497286235,-0.4621311873622449,-0.0539761647214547,0.9312408510590964,0.2881764840167796
423,0.8730504255346845,0.3059697078363905,0.34613347956974694,2.3442343652916517,-1.332395625707734,-2.8239201375552634,-2.7247557735736447,1.4211074567751996,-1.885646827033441,0.6170052533461255
424,-1.9202028029715248,1.9973142987466703,0.11746096153146769,-1.2048869013972954,1.719428054764492,1.8645209903061741,,0.05552789699994192,2.5111914475053463,1.5003179895743497
425,-1.2016322629187228,2.1689393809279602,-0.2750847126315901,-3.5592861562041826,-0.38504468355550725,-1.053197004977716,-1.0092983407184708,1.6615164392095891,,0.3420252239159217
426,-0.42133227431298365,-2.201709344286076,-0.945889549893264,3.8282838203127114,0.6592045238994371,,3.496091453985384,-1.0426156793953272,0.5847198319954918,-0.03580534791273617
427,-0.620461339580257,-0.9682062927618882,0.3500937297627195,5.014515206531119,-2.12136566362081,-0.022849954805949032,1.5067448067944162,-0.18063762051271015,-1.4928625906210782,
428,-1.380555194196073,-0.4475075840979847,1.132360811305847,0.8942095101367125,-3.92062078634553,1.9218238164668329,0.06132489643128269,-0.43073901969373285,0.7333645182896844,0.1712047566575887
429,-2.9278224876594927,2.310397343570913,1.3040376871094743,-2.623844442162855,1.3666271803273253,0.5104616991882494,0.4397050372771263,1.3802294511815856,1.4841955644834077,1.4642630267193322
430,0.06857136517469802,-0.5151006694938464,1.0289357976189952,-2.6083889270758647,0.04909354435675047,-0.6401728334103874,-1.9853443136167275,1.2735739388911802,0.7547800057539926,-0.6370844494902335
431,-1.263947465599837,-2.4062602987887547,0.8110593668147247,3.0898148104666747,-3.15568733864321,2.8264297656456163,2.083348221138711,-0.5114066859109874,-0.938736330709011,0.8606257841445117
432,0.895198197096544,-0.41683885882352684,-0.8869555805305522,2.467054750012996,-0.16976435960272215,-3.0176304862632506,-2.595906479277947,2.153429810755104,-1.9228808231187406,0.5611088510013125
433,9.96300140797878,-3.143009299353708,-5.259075863030398,6.431518385024429,0.45745420172659307,-2.3319959292838286,15.738740360648501,11.370134773549715,14.78240483202152,3.9558133883944784
434,1.261651689809192,-0.632757721634651,-0.48914832868000313,-3.0974967567581504,0.6693570988683999,3.5086063542234656,-0.8001605732702552,1.0121679682604654,-1.5293293973243138,-0.3836450865963614
435,-0.07459851423506515,0.4585055063858261,-0.30587656142918856,2.5362572407631387,3.7148189116790404,-0.8368486071681241,-1.305465476813681,-0.5592583997593183,0.19026674326986398,-0.4140997337637321
436,-1.7399794511275168,-0.2510498125945091,0.3894269398447975,1.3845926129738364,-3.072034417638708,3.31911493410249,-0.012902996158079253,-0.40456649465499966,0.38255784628545897,1.0484578435276972
437,-1.555621115467273,-0.17231211016861678,1.2654917548054045,,3.2424415026424667,-1.1977167310666688,-0.06558134194810047,-1.2908943401271746,1.3567506212497813,-0.28802496272727257
438,-0.15064768727181202,-0.34038028381299906,-0.5156532941531521,1.817065568251127,3.938283255852731,-0.6916439594400288,-0.1012874762543242,0.1056169336800456,-0.7689573066086043,-0.6507052753211137
439,0.27252427758318865,-0.6043399714726613,-1.060541310852496,3.4909943837900874,3.8878199426191093,-1.473472733697587,-0.7935797224207989,-1.408896729001277,1.0520098333942418,-0.9005700892828921
440,-1.2373515146041234,-1.25412025322251,1.5798991922224341,5.12715148055706,-0.8099107396403951,-0.4578445287262251,1.5451728381866383,-0.6299972595695277,-1.317233536524364,0.7398429510960026
441,0.3988595059928545,-1.4936008781063475,0.6229088230207291,-3.104650399455409,0.3126070397948748,-0.5834719317379431,-1.8360873071699242,0.04329876288127191,1.8044474086768842,-1.6649937928281024
442,0.8977907606241126,0.41742060059995023,0.3143210729329788,1.815307198654032,4.340284451138142,-0.8219921368898658,-0.2262147392483691,-0.09217296439142178,-0.14644032292237963,-0.17342809798206069
443,-0.6483742472870732,0.12581419478770217,0.5242611987050344,0.8992352907411123,4.522671513997169,-1.1206860807392685,-0.49367656040052477,-0.07620125510008578,0.5627001630082744,-0.4750136257652166
444,0.17415383849940458,-0.02173994154577345,-0.7604046266655791,2.889524568221496,3.535550982817173,,-1.1561089367742743,-1.0201902170110266,1.140866291670796,-0.957148474597691
445,-0.6779345253208511,-0.7043874521933999,1.09242649587641,-1.4471976286492514,1.888157459958596,0.8422916000996917,0.07487168816848562,0.843112020809582,0.023184112957763785,-0.935965663927325
446,0.808607225557195,0.6722879726570673,-3.4468907225561067,1.2345087268467063,4.1960726870644915,-0.7220762261254051,0.029106334850638398,-0.20353131018275036,-0.27128523479953087,0.2590923979295664
447,-2.071303396635567,1.4790824285050936,1.1048147161529007,-1.4625627392585228,1.1038489738610022,1.325596590331508,-0.3990560739346041,1.5329612516066409,0.9649272911606115,1.1399349194309671
448,-1.2261708923767,-0.2236789631962964,0.16470887015602328,2.3206448732725145,3.7042489185999927,-1.511322070748967,-0.449344899523554,-0.7123421884615816,0.8505724330541621,-0.7888278916781672
449,-1.9048587658374299,0.6132582899393099,-0.038640206473932376,2.0516224935771707,-2.2488265150113675,4.694827680822285,-0.12311004946508758,-1.7591115224936968,1.2943244019838478,0.9165243894385481
450,1.1129042234265425,-1.7586402270610093,1.088320743965239,-3.6438081420856334,-0.12109798331822764,-1.0226491858124638,-1.1123244529398983,0.48913279824346395,0.23981442650965806,-1.1723688272151314
451,-3.633831318278724,4.053676629949212,0.42407000904650355,-3.030804312396943,0.7209257816562503,-0.019854975021823595,0.9439144620449061,1.4062088965395378,1.0423594622405667,1.780996102478954
452,-1.6674272654640476,2.684348327014708,2.8295754842272665,-3.3067040066494418,-0.916963388854892,-1.5202376513564808,-2.6146349633795425,1.9895864453722212,2.3229064004646904,6.4773588233282196
453,0.6151577564675313,-0.47048041017450853,0.2859247031814726,,-1.0959104007856915,0.020811400363697014,2.046596533979686,-0.41294579663414427,-1.8287996696823163,0.0011300438408473003
454,-1.2997226101549004,0.2165655361503598,0.14147473824407028,1.4156640200199262,3.7145233656830436,-0.20907354355773952,0.23028302942068496,-0.24807125566823596,0.4744789813266428,-0.5990452100913306
455,0.1340995292267792,-2.3390431851252225,-1.6422251328509396,4.370521606188266,-1.629283973913932,-2.982423592293222,2.2767511703872647,2.701592642763786,-0.0952713266647196,1.191821916823388
456,-0.3243436934923138,-0.028142512457376933,0.10644738606000484,2.476550715558937,3.503161340490284,-2.3722597165040735,-0.5511407146987342,-1.3032205836609416,0.42585905607068947,-0.6043078875390434
457,-0.28387334267590675,-0.09229176899823022,-0.22829085283842535,1.231503182709727,5.82336259049555,-1.629408016543358,0.42383691508190063,-0.19235351316076899,0.9820326199721681,-0.13206459572347629
458,-1.419438510427016,0.2935811945675933,2.2713808407635345,,2.632726280830906,0.97796383475541,-0.4825513717079818,1.4789532687942313,0.4355871581826563,0.072385149336605
459,1.6345344425198571,0.2973667297057842,-1.6722463092059674,3.303867473196341,4.867831900870002,-0.5375816955476506,-0.7096569912092411,-0.5548211549071352,0.018836734059367047,-0.053831524117428406
460,-0.9550342280725077,0.4647231387257602,-0.05005066086438528,,3.3747492657083993,0.2527041663838309,-1.1923921935504722,0.24126142186262908,0.5278121942799721,0.09304888729234666
461,-0.9616718994707911,0.1817896535558475,0.6952364579021149,2.1013138288265205,4.341747749339669,-1.777542281997974,-0.1985717587394637,-0.7455802599823688,0.3891659567943434,-0.47634458248650147
462,-0.12345819939140402,-0.1372514063727638,0.6717155190857761,-1.8555687205004905,2.2456602730441673,3.019457929538069,-1.1709554406612124,0.8073259307892934,0.07509185205899087,
463,-1.052211794144039,-2.1608094020485686,0.36289354876844393,2.8348056508486352,-3.6186630551485397,-2.437967227118644,1.029053762103212,0.23784652254835423,-0.8648878829888822,1.0064735318257092
464,-0.2894062593246814,-0.8937034685940697,-1.3835649521020865,-0.9744929753641022,-0.030281349084247344,-0.1762896172409128,-1.6991481900630427,1.2235679209013017,2.7512086393868667,-0.8938027277159739
465,2.126794640027541,-0.8082377919397606,-0.3806266643667738,112.84453018743613,-20.956744756686394,-2.9582212343202956,0.09125257370178771,-1.1222486578132176,0.014864354002230021,2.190365461576929
466,-0.5720783659756589,-1.3897936885025437,0.6343983553302204,3.9151248066821984,-1.6156354802456092,0.46613680825189424,2.671555768842339,-1.0689768737647363,-1.6558481984189044,0.42395875122205023
467,-0.20110881500566677,1.37062739230596,0.27729557613673983,3.3857185938739556,-1.1155111504555162,-1.0796500079116869,-0.40437765027344835,0.9775825269513935,-2.486272538139835,0.6000699304970268
468,2.7898576863767803,2.354253936537392,-3.080905932610884,0.13693027448557507,0.509752499569719,5.168850946072753,-3.220583072424567,-0.04069026512721937,0.19298599008072037,-0.9137407306678325
469,-2.188836004151729,1.6823144656558027,0.3523170570120573,-1.6427990097050804,2.2857946654009798,1.0712519258871387,0.13185759319934193,1.7219828496270848,0.8986885091161142,0.15685025221254595
470,-0.678147693400093,1.7788022129177075,-1.2589545419561525,-2.678310967324076,-0.04081812209281087,-0.7187016818197145,-0.8862449050387171,1.0702181640906923,-0.5465012661566705,-0.11933352804295648
471,,0.24329405273265717,-0.5205939379543921,2.3254184849969928,-2.568095892349691,6.169243888699766,-0.34713159498718893,-2.0639988086963728,0.6639262967480583,1.0724613105070564
472,-0.7493797986393033,1.0168971661970114,-0.026601179826242993,0.07718113522006846,1.735165538947701,3.193039471105297,-1.1833104141872417,1.3507014231288288,0.013875935275220255,0.007970387090454752
473,0.8112157295249303,0.36745472602675505,-1.165993533470676,1.5695351010822547,2.5430850933184668,-0.7952727406758575,-1.6841044637801794,0.6705350588871589,-1.0735888570539884,-0.005435378859593809
474,0.7371295826686215,0.04036576611797133,0.6758580961287547,-2.9535053562939546,-1.438371062583717,-3.8162729501303914,-0.22780153093787914,-1.6681635002336623,0.3725930943003203,-0.2631797575526092
475,0.9459328699200182,-0.276261668656763,-1.2893894445308665,2.4478286997340324,4.912502830582995,-1.5192076524118723,-0.013016025790129554,-0.33706538498207206,-0.8600215936871527,0.4836970032605462
476,0.44834076589495847,-0.47289368848832525,0.6867602253810718,-4.782436251372592,0.13143077778609755,-1.7877203913450264,-1.5410443660863382,-0.2920430672536958,1.7245693732712102,0.39373373792122657
477,1.90935862101046,-0.5638847736594677,-2.2123194007548976,-2.2657751314245784,0.8208036969055202,2.8083485769173344,-39.718671628289194,,-2.02306720721606,-0.16456050060792787
478,-2.7639965497017656,4.457391804402895,-1.115640212275748,-3.5077816590354933,-3.701657162363634,-1.6553526141424209,4.0669606328107575,-0.5078511700017653,-0.9242449482972798,-1.3574754686232573
479,-0.24351723534872124,0.39219263196002035,0.20957575398275147,2.0242274147893164,4.046372149066371,-1.8017538886160094,-1.094645111869653,-1.1092717837080674,1.1898253118689537,-0.4969667217547492
480,-0.5522793176366135,-2.330735598523627,-0.6687826723275375,1.735425601824783,4.124837761267749,-0.1902738427503719,-0.3162623380242812,-0.13853458463050425,0.20972114321252985,-0.63358704857558
481,-1.9109414555110016,0.6108454930570556,-0.46405284360669874,1.0482512667732018,-2.863870517493095,,0.18260828561802386,-1.5973047888137046,,1.244010021887732
482,-0.5838908270382459,1.8784554893815817,-0.42661781342584626,-241.01380913250938,-2.170993733932407,-2.44677948500647,-0.42086459933640197,0.6873339899987798,0.3208775972409119,-0.02803085251739001
483,-0.4262267370060345,0.3603571826910919,-0.3688102086448327,4.664889943033476,,-1.6119019878605758,0.22249585431391083,0.36325776451256875,-1.5877483921999955,0.6438880627829756
484,-0.6471228254265654,-0.11811948049795756,0.13628828230194776,1.2666518145995829,4.069141845715138,-1.0638869173647605,-0.131791740583378,-0.26341408239406233,-0.2979709903210749,-0.28627676470152713
485,-0.49005293472500905,0.30506130233301265,0.5427449230830175,-0.3161597252924731,4.9271336889645285,-0.6472031989215419,0.07708044480186795,0.809103594397041,-0.17531966546210057,0.8631659224936138
486,2.0023077390760093,-2.070620254322334,-0.15516178905387404,-5.309297665607225,0.4655083169749407,-1.7799093208504966,0.45833036455822607,-1.4678739435239692,0.6655920532777597,0.8381386974282575
487,-1.2542075393998613,-1.9339710252303361,0.2173505641277326,4.835768798011477,-0.5257217823534687,-0.005597542456084691,2.7448751840000214,0.10935965951791415,-1.3523927511847715,1.5042459824720833
488,1.3081819353092352,-0.7435046585349487,0.4833443263743298,-5.582023742304903,0.20033677204392047,-2.903749541653289,0.08549174529404838,-1.746900165369743,0.9100384769304806,2.29212525581955
489,-0.8515375253630548,-0.47935694989425104,2.271710397146649,-1.82007049409799,0.8180955575376767,0.14120759021569168,1.537068502251781,,-0.3418695603225687,-1.0103433812403952
490,-1.6102684351456364,-0.184169476451048,-0.1007311523388745,1.9914298545417068,-3.1397046641456394,4.407357057239068,-0.01068161341418688,-1.208989405588055,0.6558640676203092,1.0342674496924864
491,0.5487840121878234,-1.2265955573862284,1.7559695635132733,-3.3347803581696245,0.16349639266894245,1.9932813334223316,0.039037632559386935,1.0186528503019203,-1.4101111951511278,-0.6620787606688772
492,0.15200803752354625,-1.6868788479744952,1.4893342244218608,0.8349500735331106,-4.74919650899463,-2.0840448467865476,-0.7828863735751947,-0.12988335912320453,0.49663032004316715,-1.5501055966261281
493,0.2279012046333174,-36.14590847988218,0.4359365296792451,-0.6966111047920852,-4.252352223763612,-13.350077387235094,-1.2474291788647822,1.2397683778238437,0.16659216663141121,-1.7768465845101087
